-- phpMyAdmin SQL Dump
-- version 4.7.3
-- https://www.phpmyadmin.net/
--
-- Φιλοξενητής: localhost:3306
-- Χρόνος δημιουργίας: 05 Φεβ 2018 στις 22:07:59
-- Έκδοση διακομιστή: 5.5.58-cll
-- Έκδοση PHP: 5.6.30

SET SQL_MODE = "NO_AUTO_VALUE_ON_ZERO";
SET AUTOCOMMIT = 0;
START TRANSACTION;
SET time_zone = "+00:00";


/*!40101 SET @OLD_CHARACTER_SET_CLIENT=@@CHARACTER_SET_CLIENT */;
/*!40101 SET @OLD_CHARACTER_SET_RESULTS=@@CHARACTER_SET_RESULTS */;
/*!40101 SET @OLD_COLLATION_CONNECTION=@@COLLATION_CONNECTION */;
/*!40101 SET NAMES utf8mb4 */;

--
-- Βάση δεδομένων: `addom_masterdb`
--

-- --------------------------------------------------------

--
-- Δομή πίνακα για τον πίνακα `ix_datasets`
--

CREATE TABLE `ix_datasets` (
  `name` varchar(200) COLLATE utf8_unicode_ci NOT NULL,
  `creation_timestamp` timestamp NOT NULL DEFAULT CURRENT_TIMESTAMP ON UPDATE CURRENT_TIMESTAMP,
  `edit_timestamp` timestamp NULL DEFAULT NULL,
  `creator_username` varchar(100) COLLATE utf8_unicode_ci NOT NULL,
  `editor_username` varchar(100) COLLATE utf8_unicode_ci DEFAULT NULL,
  `visibility` enum('public','private') COLLATE utf8_unicode_ci NOT NULL DEFAULT 'public'
) ENGINE=InnoDB DEFAULT CHARSET=utf8 COLLATE=utf8_unicode_ci;

--
-- Άδειασμα δεδομένων του πίνακα `ix_datasets`
--

INSERT INTO `ix_datasets` (`name`, `creation_timestamp`, `edit_timestamp`, `creator_username`, `editor_username`, `visibility`) VALUES
('Drug Ring Scenario', '2018-01-09 08:52:31', NULL, 'addictive', NULL, 'public');

-- --------------------------------------------------------

--
-- Δομή πίνακα για τον πίνακα `ix_datasets_telecommunications`
--

CREATE TABLE `ix_datasets_telecommunications` (
  `set_name` varchar(200) COLLATE utf8_unicode_ci NOT NULL,
  `caller` varchar(50) COLLATE utf8_unicode_ci NOT NULL,
  `called` varchar(50) COLLATE utf8_unicode_ci NOT NULL,
  `time_stamp` int(10) UNSIGNED NOT NULL,
  `duration` int(10) UNSIGNED NOT NULL
) ENGINE=InnoDB DEFAULT CHARSET=utf8 COLLATE=utf8_unicode_ci;

--
-- Άδειασμα δεδομένων του πίνακα `ix_datasets_telecommunications`
--

INSERT INTO `ix_datasets_telecommunications` (`set_name`, `caller`, `called`, `time_stamp`, `duration`) VALUES
('Drug Ring Scenario', '6932552547', '6952545587', 1484670217, 94),
('Drug Ring Scenario', '6932552547', '6952545587', 1487088991, 155),
('Drug Ring Scenario', '6932552547', '6952545587', 1489606353, 88),
('Drug Ring Scenario', '6932552547', '6952545587', 1492194939, 86),
('Drug Ring Scenario', '6932552547', '6952545587', 1494958764, 31),
('Drug Ring Scenario', '6932552547', '6952545587', 1497375014, 81),
('Drug Ring Scenario', '6932552547', '6952545587', 1499963386, 90),
('Drug Ring Scenario', '6932552547', '6952545587', 1502897854, 81),
('Drug Ring Scenario', '6932552547', '6952545587', 1505586153, 95),
('Drug Ring Scenario', '6932552547', '6952545587', 1507916031, 141),
('Drug Ring Scenario', '6932552547', '6952545587', 1510676952, 88),
('Drug Ring Scenario', '6932552547', '6952545587', 1513358188, 91),
('Drug Ring Scenario', '6932552547', '6972423369', 1484584168, 88),
('Drug Ring Scenario', '6932552547', '6972423369', 1487176428, 144),
('Drug Ring Scenario', '6932552547', '6972423369', 1489595555, 92),
('Drug Ring Scenario', '6932552547', '6972423369', 1492442438, 30),
('Drug Ring Scenario', '6932552547', '6972423369', 1495046147, 48),
('Drug Ring Scenario', '6932552547', '6972423369', 1497717026, 33),
('Drug Ring Scenario', '6932552547', '6972423369', 1500304337, 36),
('Drug Ring Scenario', '6932552547', '6972423369', 1502814574, 155),
('Drug Ring Scenario', '6932552547', '6972423369', 1505587060, 22),
('Drug Ring Scenario', '6932552547', '6972423369', 1507914630, 23),
('Drug Ring Scenario', '6932552547', '6972423369', 1510600295, 26),
('Drug Ring Scenario', '6932552547', '6972423369', 1513527459, 31),
('Drug Ring Scenario', '6932552547', '6985652569', 1484324852, 149),
('Drug Ring Scenario', '6932552547', '6985652569', 1487183435, 148),
('Drug Ring Scenario', '6932552547', '6985652569', 1489770977, 34),
('Drug Ring Scenario', '6932552547', '6985652569', 1492356343, 80),
('Drug Ring Scenario', '6932552547', '6985652569', 1494872791, 32),
('Drug Ring Scenario', '6932552547', '6985652569', 1497712470, 27),
('Drug Ring Scenario', '6932552547', '6985652569', 1500142961, 85),
('Drug Ring Scenario', '6932552547', '6985652569', 1502645659, 155),
('Drug Ring Scenario', '6932552547', '6985652569', 1505579860, 147),
('Drug Ring Scenario', '6932552547', '6985652569', 1507998522, 143),
('Drug Ring Scenario', '6932552547', '6985652569', 1510946783, 150),
('Drug Ring Scenario', '6932552547', '6985652569', 1513268198, 92),
('Drug Ring Scenario', '6932552547', '6985877841', 1484496857, 25),
('Drug Ring Scenario', '6932552547', '6985877841', 1487180013, 27),
('Drug Ring Scenario', '6932552547', '6985877841', 1489508154, 84),
('Drug Ring Scenario', '6932552547', '6985877841', 1492100351, 153),
('Drug Ring Scenario', '6932552547', '6985877841', 1494864974, 146),
('Drug Ring Scenario', '6932552547', '6985877841', 1497367428, 89),
('Drug Ring Scenario', '6932552547', '6985877841', 1500308561, 93),
('Drug Ring Scenario', '6932552547', '6985877841', 1502907822, 144),
('Drug Ring Scenario', '6932552547', '6985877841', 1505315476, 22),
('Drug Ring Scenario', '6932552547', '6985877841', 1508171851, 153),
('Drug Ring Scenario', '6932552547', '6985877841', 1510856086, 34),
('Drug Ring Scenario', '6932552547', '6985877841', 1513538986, 33),
('Drug Ring Scenario', '6932552547', '6988563214', 1484324961, 82),
('Drug Ring Scenario', '6932552547', '6988563214', 1487176272, 151),
('Drug Ring Scenario', '6932552547', '6988563214', 1489515620, 83),
('Drug Ring Scenario', '6932552547', '6988563214', 1492100722, 94),
('Drug Ring Scenario', '6932552547', '6988563214', 1494864932, 148),
('Drug Ring Scenario', '6932552547', '6988563214', 1497540941, 82),
('Drug Ring Scenario', '6932552547', '6988563214', 1499958639, 150),
('Drug Ring Scenario', '6932552547', '6988563214', 1502641590, 94),
('Drug Ring Scenario', '6932552547', '6988563214', 1505324079, 92),
('Drug Ring Scenario', '6932552547', '6988563214', 1507918229, 32),
('Drug Ring Scenario', '6932552547', '6988563214', 1510589577, 28),
('Drug Ring Scenario', '6932552547', '6988563214', 1513189161, 88),
('Drug Ring Scenario', '6933216547', '6978787452', 1484583589, 81),
('Drug Ring Scenario', '6933216547', '6978787452', 1487096980, 82),
('Drug Ring Scenario', '6933216547', '6978787452', 1489422027, 86),
('Drug Ring Scenario', '6933216547', '6978787452', 1492355832, 83),
('Drug Ring Scenario', '6933216547', '6978787452', 1494862355, 154),
('Drug Ring Scenario', '6933216547', '6978787452', 1497378349, 145),
('Drug Ring Scenario', '6933216547', '6978787452', 1499970332, 152),
('Drug Ring Scenario', '6933216547', '6978787452', 1502820761, 80),
('Drug Ring Scenario', '6933216547', '6978787452', 1505405634, 140),
('Drug Ring Scenario', '6933216547', '6978787452', 1508088835, 26),
('Drug Ring Scenario', '6933216547', '6978787452', 1510680137, 140),
('Drug Ring Scenario', '6933216547', '6978787452', 1513276534, 154),
('Drug Ring Scenario', '6933216547', '6998521236', 1484595205, 155),
('Drug Ring Scenario', '6933216547', '6998521236', 1487096512, 84),
('Drug Ring Scenario', '6933216547', '6998521236', 1489512144, 92),
('Drug Ring Scenario', '6933216547', '6998521236', 1492450058, 152),
('Drug Ring Scenario', '6933216547', '6998521236', 1494692712, 25),
('Drug Ring Scenario', '6933216547', '6998521236', 1497627236, 141),
('Drug Ring Scenario', '6933216547', '6998521236', 1500057074, 90),
('Drug Ring Scenario', '6933216547', '6998521236', 1502648237, 83),
('Drug Ring Scenario', '6933216547', '6998521236', 1505320036, 25),
('Drug Ring Scenario', '6933216547', '6998521236', 1508257359, 84),
('Drug Ring Scenario', '6933216547', '6998521236', 1510939184, 80),
('Drug Ring Scenario', '6933216547', '6998521236', 1513276534, 94),
('Drug Ring Scenario', '6933636321', '6954121179', 1484422601, 30),
('Drug Ring Scenario', '6933636321', '6954121179', 1487186391, 24),
('Drug Ring Scenario', '6933636321', '6954121179', 1489693070, 149),
('Drug Ring Scenario', '6933636321', '6954121179', 1492442027, 84),
('Drug Ring Scenario', '6933636321', '6954121179', 1494783392, 143),
('Drug Ring Scenario', '6933636321', '6954121179', 1497453809, 151),
('Drug Ring Scenario', '6933636321', '6954121179', 1500229535, 20),
('Drug Ring Scenario', '6933636321', '6954121179', 1502649071, 148),
('Drug Ring Scenario', '6933636321', '6954121179', 1505669114, 145),
('Drug Ring Scenario', '6933636321', '6954121179', 1508002494, 80),
('Drug Ring Scenario', '6933636321', '6954121179', 1510769838, 155),
('Drug Ring Scenario', '6933636321', '6954121179', 1513186494, 92),
('Drug Ring Scenario', '6935452578', '6972423369', 1484590875, 86),
('Drug Ring Scenario', '6935452578', '6972423369', 1487261839, 146),
('Drug Ring Scenario', '6935452578', '6972423369', 1489680635, 80),
('Drug Ring Scenario', '6935452578', '6972423369', 1492367601, 130),
('Drug Ring Scenario', '6935452578', '6972423369', 1495037593, 77),
('Drug Ring Scenario', '6935452578', '6972423369', 1497453897, 155),
('Drug Ring Scenario', '6935452578', '6972423369', 1500228999, 152),
('Drug Ring Scenario', '6935452578', '6972423369', 1502648011, 148),
('Drug Ring Scenario', '6935452578', '6972423369', 1505488933, 25),
('Drug Ring Scenario', '6935452578', '6972423369', 1508253990, 29),
('Drug Ring Scenario', '6935452578', '6972423369', 1510762421, 30),
('Drug Ring Scenario', '6935452578', '6972423369', 1513451596, 154),
('Drug Ring Scenario', '6936369632', '6954121179', 1484327697, 83),
('Drug Ring Scenario', '6936369632', '6954121179', 1487265694, 90),
('Drug Ring Scenario', '6936369632', '6954121179', 1489688712, 150),
('Drug Ring Scenario', '6936369632', '6954121179', 1492359257, 151),
('Drug Ring Scenario', '6936369632', '6954121179', 1494955011, 30),
('Drug Ring Scenario', '6936369632', '6954121179', 1497720070, 80),
('Drug Ring Scenario', '6936369632', '6954121179', 1500055881, 150),
('Drug Ring Scenario', '6936369632', '6954121179', 1502730928, 91),
('Drug Ring Scenario', '6936369632', '6954121179', 1505493466, 23),
('Drug Ring Scenario', '6936369632', '6954121179', 1507908761, 26),
('Drug Ring Scenario', '6936369632', '6954121179', 1510856174, 153),
('Drug Ring Scenario', '6936369632', '6954121179', 1513445438, 148),
('Drug Ring Scenario', '6936547892', '6933216547', 1484678197, 92),
('Drug Ring Scenario', '6936547892', '6933216547', 1487353043, 154),
('Drug Ring Scenario', '6936547892', '6933216547', 1489602710, 83),
('Drug Ring Scenario', '6936547892', '6933216547', 1492097263, 93),
('Drug Ring Scenario', '6936547892', '6933216547', 1494786108, 34),
('Drug Ring Scenario', '6936547892', '6933216547', 1497634162, 92),
('Drug Ring Scenario', '6936547892', '6933216547', 1500045583, 22),
('Drug Ring Scenario', '6936547892', '6933216547', 1502904575, 28),
('Drug Ring Scenario', '6936547892', '6933216547', 1505402564, 81),
('Drug Ring Scenario', '6936547892', '6933216547', 1507911872, 29),
('Drug Ring Scenario', '6936547892', '6933216547', 1510590689, 33),
('Drug Ring Scenario', '6936547892', '6933216547', 1513355302, 95),
('Drug Ring Scenario', '6936565687', '6955258546', 1484501158, 155),
('Drug Ring Scenario', '6936565687', '6955258546', 1487100205, 90),
('Drug Ring Scenario', '6936565687', '6955258546', 1489680890, 147),
('Drug Ring Scenario', '6936565687', '6955258546', 1492445720, 32),
('Drug Ring Scenario', '6936565687', '6955258546', 1494781933, 155),
('Drug Ring Scenario', '6936565687', '6955258546', 1497629789, 143),
('Drug Ring Scenario', '6936565687', '6955258546', 1499959670, 153),
('Drug Ring Scenario', '6936565687', '6955258546', 1502908008, 146),
('Drug Ring Scenario', '6936565687', '6955258546', 1505323072, 80),
('Drug Ring Scenario', '6936565687', '6955258546', 1507918230, 32),
('Drug Ring Scenario', '6936565687', '6955258546', 1510600486, 32),
('Drug Ring Scenario', '6936565687', '6955258546', 1513186531, 33),
('Drug Ring Scenario', '6941321478', '6954121179', 1484418775, 147),
('Drug Ring Scenario', '6941321478', '6954121179', 1487180032, 154),
('Drug Ring Scenario', '6941321478', '6954121179', 1489767587, 83),
('Drug Ring Scenario', '6941321478', '6954121179', 1492183183, 86),
('Drug Ring Scenario', '6941321478', '6954121179', 1495038080, 27),
('Drug Ring Scenario', '6941321478', '6954121179', 1497546670, 149),
('Drug Ring Scenario', '6941321478', '6954121179', 1500055952, 147),
('Drug Ring Scenario', '6941321478', '6954121179', 1502900837, 151),
('Drug Ring Scenario', '6941321478', '6954121179', 1505316099, 150),
('Drug Ring Scenario', '6941321478', '6954121179', 1508088951, 144),
('Drug Ring Scenario', '6941321478', '6954121179', 1510770151, 152),
('Drug Ring Scenario', '6941321478', '6954121179', 1513181452, 20),
('Drug Ring Scenario', '6945212321', '6933216547', 1484324090, 92),
('Drug Ring Scenario', '6945212321', '6933216547', 1487356190, 90),
('Drug Ring Scenario', '6945212321', '6933216547', 1489606351, 82),
('Drug Ring Scenario', '6945212321', '6933216547', 1492103473, 27),
('Drug Ring Scenario', '6945212321', '6933216547', 1494949052, 91),
('Drug Ring Scenario', '6945212321', '6933216547', 1497463936, 149),
('Drug Ring Scenario', '6945212321', '6933216547', 1500225734, 142),
('Drug Ring Scenario', '6945212321', '6933216547', 1502905012, 152),
('Drug Ring Scenario', '6945212321', '6933216547', 1505495841, 85),
('Drug Ring Scenario', '6945212321', '6933216547', 1508179007, 143),
('Drug Ring Scenario', '6945212321', '6933216547', 1510935576, 140),
('Drug Ring Scenario', '6945212321', '6933216547', 1513269382, 28),
('Drug Ring Scenario', '6945454569', '6954121179', 1484410898, 35),
('Drug Ring Scenario', '6945454569', '6954121179', 1487268918, 146),
('Drug Ring Scenario', '6945454569', '6954121179', 1489430176, 31),
('Drug Ring Scenario', '6945454569', '6954121179', 1492362792, 148),
('Drug Ring Scenario', '6945454569', '6954121179', 1495038504, 23),
('Drug Ring Scenario', '6945454569', '6954121179', 1497637049, 33),
('Drug Ring Scenario', '6945454569', '6954121179', 1500142934, 153),
('Drug Ring Scenario', '6945454569', '6954121179', 1502901076, 152),
('Drug Ring Scenario', '6945454569', '6954121179', 1505319015, 87),
('Drug Ring Scenario', '6945454569', '6954121179', 1508261734, 26),
('Drug Ring Scenario', '6945454569', '6954121179', 1510773010, 140),
('Drug Ring Scenario', '6945454569', '6954121179', 1513527501, 83),
('Drug Ring Scenario', '6945465321', '6978745456', 1484033252, 30),
('Drug Ring Scenario', '6945465321', '6978745456', 1499668112, 30),
('Drug Ring Scenario', '6945874123', '6933216547', 1484497047, 140),
('Drug Ring Scenario', '6945874123', '6933216547', 1487186451, 87),
('Drug Ring Scenario', '6945874123', '6933216547', 1489692038, 142),
('Drug Ring Scenario', '6945874123', '6933216547', 1492453296, 25),
('Drug Ring Scenario', '6945874123', '6933216547', 1494871896, 155),
('Drug Ring Scenario', '6945874123', '6933216547', 1497625945, 80),
('Drug Ring Scenario', '6945874123', '6933216547', 1500225972, 31),
('Drug Ring Scenario', '6945874123', '6933216547', 1502637018, 94),
('Drug Ring Scenario', '6945874123', '6933216547', 1505320120, 34),
('Drug Ring Scenario', '6945874123', '6933216547', 1508260409, 81),
('Drug Ring Scenario', '6945874123', '6933216547', 1510684017, 81),
('Drug Ring Scenario', '6945874123', '6933216547', 1513358972, 30),
('Drug Ring Scenario', '6952545587', '6932552547', 1484501794, 30),
('Drug Ring Scenario', '6952545587', '6932552547', 1487100807, 93),
('Drug Ring Scenario', '6952545587', '6932552547', 1489778518, 91),
('Drug Ring Scenario', '6952545587', '6932552547', 1492449201, 33),
('Drug Ring Scenario', '6952545587', '6932552547', 1495044921, 151),
('Drug Ring Scenario', '6952545587', '6932552547', 1497377571, 151),
('Drug Ring Scenario', '6952545587', '6932552547', 1500218720, 95),
('Drug Ring Scenario', '6952545587', '6932552547', 1502991478, 86),
('Drug Ring Scenario', '6952545587', '6932552547', 1505587075, 30),
('Drug Ring Scenario', '6952545587', '6932552547', 1508173855, 140),
('Drug Ring Scenario', '6952545587', '6932552547', 1510600881, 87),
('Drug Ring Scenario', '6952545587', '6932552547', 1513538508, 26),
('Drug Ring Scenario', '6952545587', '6955258546', 1484327785, 81),
('Drug Ring Scenario', '6952545587', '6955258546', 1487003234, 148),
('Drug Ring Scenario', '6952545587', '6955258546', 1489684492, 20),
('Drug Ring Scenario', '6952545587', '6955258546', 1492193497, 35),
('Drug Ring Scenario', '6952545587', '6955258546', 1495038261, 86),
('Drug Ring Scenario', '6952545587', '6955258546', 1497716490, 83),
('Drug Ring Scenario', '6952545587', '6955258546', 1499958773, 143),
('Drug Ring Scenario', '6952545587', '6955258546', 1502817145, 23),
('Drug Ring Scenario', '6952545587', '6955258546', 1505665595, 149),
('Drug Ring Scenario', '6952545587', '6955258546', 1507919809, 155),
('Drug Ring Scenario', '6952545587', '6955258546', 1510683647, 80),
('Drug Ring Scenario', '6952545587', '6955258546', 1513531835, 24),
('Drug Ring Scenario', '6952545587', '6998521236', 1484593848, 92),
('Drug Ring Scenario', '6952545587', '6998521236', 1487003854, 151),
('Drug Ring Scenario', '6952545587', '6998521236', 1489599274, 146),
('Drug Ring Scenario', '6952545587', '6998521236', 1492276213, 90),
('Drug Ring Scenario', '6952545587', '6998521236', 1494700426, 24),
('Drug Ring Scenario', '6952545587', '6998521236', 1497548000, 20),
('Drug Ring Scenario', '6952545587', '6998521236', 1499966307, 85),
('Drug Ring Scenario', '6952545587', '6998521236', 1502899946, 148),
('Drug Ring Scenario', '6952545587', '6998521236', 1505575519, 94),
('Drug Ring Scenario', '6952545587', '6998521236', 1508261146, 84),
('Drug Ring Scenario', '6952545587', '6998521236', 1510766800, 25),
('Drug Ring Scenario', '6952545587', '6998521236', 1513362020, 33),
('Drug Ring Scenario', '6953237547', '6972423369', 1484595273, 10),
('Drug Ring Scenario', '6953237547', '6972423369', 1487186146, 12),
('Drug Ring Scenario', '6953237547', '6972423369', 1489602681, 82),
('Drug Ring Scenario', '6953237547', '6972423369', 1492446685, 33),
('Drug Ring Scenario', '6953237547', '6972423369', 1494696398, 83),
('Drug Ring Scenario', '6953237547', '6972423369', 1497637098, 21),
('Drug Ring Scenario', '6953237547', '6972423369', 1499971030, 32),
('Drug Ring Scenario', '6953237547', '6972423369', 1502724597, 138),
('Drug Ring Scenario', '6953237547', '6972423369', 1505492354, 145),
('Drug Ring Scenario', '6953237547', '6972423369', 1508170618, 84),
('Drug Ring Scenario', '6953237547', '6972423369', 1510597211, 130),
('Drug Ring Scenario', '6953237547', '6972423369', 1513358123, 138),
('Drug Ring Scenario', '6954121179', '6998747412', 1484324908, 95),
('Drug Ring Scenario', '6954121179', '6998747412', 1487009633, 149),
('Drug Ring Scenario', '6954121179', '6998747412', 1489508961, 80),
('Drug Ring Scenario', '6954121179', '6998747412', 1492450665, 85),
('Drug Ring Scenario', '6954121179', '6998747412', 1494869231, 141),
('Drug Ring Scenario', '6954121179', '6998747412', 1497371678, 81),
('Drug Ring Scenario', '6954121179', '6998747412', 1500131497, 24),
('Drug Ring Scenario', '6954121179', '6998747412', 1502637623, 31),
('Drug Ring Scenario', '6954121179', '6998747412', 1505664619, 80),
('Drug Ring Scenario', '6954121179', '6998747412', 1508001294, 141),
('Drug Ring Scenario', '6954121179', '6998747412', 1510763321, 90),
('Drug Ring Scenario', '6954121179', '6998747412', 1513189591, 155),
('Drug Ring Scenario', '6954123698', '6954121179', 1484328054, 144),
('Drug Ring Scenario', '6954123698', '6954121179', 1487176075, 140),
('Drug Ring Scenario', '6954123698', '6954121179', 1489774976, 22),
('Drug Ring Scenario', '6954123698', '6954121179', 1492097741, 24),
('Drug Ring Scenario', '6954123698', '6954121179', 1494696219, 146),
('Drug Ring Scenario', '6954123698', '6954121179', 1497367216, 149),
('Drug Ring Scenario', '6954123698', '6954121179', 1500225518, 141),
('Drug Ring Scenario', '6954123698', '6954121179', 1502983470, 21),
('Drug Ring Scenario', '6954123698', '6954121179', 1505579688, 91),
('Drug Ring Scenario', '6954123698', '6954121179', 1508080480, 152),
('Drug Ring Scenario', '6954123698', '6954121179', 1510943029, 146),
('Drug Ring Scenario', '6954123698', '6954121179', 1513451552, 87),
('Drug Ring Scenario', '6954565852', '6933216547', 1484418858, 30),
('Drug Ring Scenario', '6954565852', '6933216547', 1487003717, 33),
('Drug Ring Scenario', '6954565852', '6933216547', 1489429194, 152),
('Drug Ring Scenario', '6954565852', '6933216547', 1492104094, 152),
('Drug Ring Scenario', '6954565852', '6933216547', 1494872677, 23),
('Drug Ring Scenario', '6954565852', '6933216547', 1497633997, 143),
('Drug Ring Scenario', '6954565852', '6933216547', 1500045738, 21),
('Drug Ring Scenario', '6954565852', '6933216547', 1502734275, 152),
('Drug Ring Scenario', '6954565852', '6933216547', 1505320163, 148),
('Drug Ring Scenario', '6954565852', '6933216547', 1508177616, 142),
('Drug Ring Scenario', '6954565852', '6933216547', 1510773081, 155),
('Drug Ring Scenario', '6954565852', '6933216547', 1513362531, 31),
('Drug Ring Scenario', '6955258546', '6998521236', 1484325095, 32),
('Drug Ring Scenario', '6955258546', '6998521236', 1487096512, 26),
('Drug Ring Scenario', '6955258546', '6998521236', 1489509092, 91),
('Drug Ring Scenario', '6955258546', '6998521236', 1492276656, 87),
('Drug Ring Scenario', '6955258546', '6998521236', 1494864637, 31),
('Drug Ring Scenario', '6955258546', '6998521236', 1497712230, 91),
('Drug Ring Scenario', '6955258546', '6998521236', 1500312916, 35),
('Drug Ring Scenario', '6955258546', '6998521236', 1502817585, 145),
('Drug Ring Scenario', '6955258546', '6998521236', 1505413605, 21),
('Drug Ring Scenario', '6955258546', '6998521236', 1507919570, 35),
('Drug Ring Scenario', '6955258546', '6998521236', 1510935087, 86),
('Drug Ring Scenario', '6955258546', '6998521236', 1513535633, 21),
('Drug Ring Scenario', '6955258546', '6998747412', 1484681240, 91),
('Drug Ring Scenario', '6955258546', '6998747412', 1487096569, 145),
('Drug Ring Scenario', '6955258546', '6998747412', 1489433802, 86),
('Drug Ring Scenario', '6955258546', '6998747412', 1492443399, 30),
('Drug Ring Scenario', '6955258546', '6998747412', 1494951143, 25),
('Drug Ring Scenario', '6955258546', '6998747412', 1497457956, 155),
('Drug Ring Scenario', '6955258546', '6998747412', 1499959488, 82),
('Drug Ring Scenario', '6955258546', '6998747412', 1502641255, 85),
('Drug Ring Scenario', '6955258546', '6998747412', 1505673388, 151),
('Drug Ring Scenario', '6955258546', '6998747412', 1508261859, 92),
('Drug Ring Scenario', '6955258546', '6998747412', 1510848851, 140),
('Drug Ring Scenario', '6955258546', '6998747412', 1513273032, 81),
('Drug Ring Scenario', '6955862429', '6954121179', 1484421798, 28),
('Drug Ring Scenario', '6955862429', '6954121179', 1487358762, 34),
('Drug Ring Scenario', '6955862429', '6954121179', 1489605610, 27),
('Drug Ring Scenario', '6955862429', '6954121179', 1492194567, 148),
('Drug Ring Scenario', '6955862429', '6954121179', 1494699948, 95),
('Drug Ring Scenario', '6955862429', '6954121179', 1497633234, 32),
('Drug Ring Scenario', '6955862429', '6954121179', 1500048747, 23),
('Drug Ring Scenario', '6955862429', '6954121179', 1502648851, 85),
('Drug Ring Scenario', '6955862429', '6954121179', 1505409805, 26),
('Drug Ring Scenario', '6955862429', '6954121179', 1508001408, 84),
('Drug Ring Scenario', '6955862429', '6954121179', 1510940076, 24),
('Drug Ring Scenario', '6955862429', '6954121179', 1513448276, 20),
('Drug Ring Scenario', '6955885521', '6954121179', 1484591148, 27),
('Drug Ring Scenario', '6955885521', '6954121179', 1487355203, 91),
('Drug Ring Scenario', '6955885521', '6954121179', 1489513006, 84),
('Drug Ring Scenario', '6955885521', '6954121179', 1492454231, 85),
('Drug Ring Scenario', '6955885521', '6954121179', 1495041643, 29),
('Drug Ring Scenario', '6955885521', '6954121179', 1497371440, 89),
('Drug Ring Scenario', '6955885521', '6954121179', 1500049354, 26),
('Drug Ring Scenario', '6955885521', '6954121179', 1502641295, 25),
('Drug Ring Scenario', '6955885521', '6954121179', 1505575772, 26),
('Drug Ring Scenario', '6955885521', '6954121179', 1508167902, 33),
('Drug Ring Scenario', '6955885521', '6954121179', 1510676313, 149),
('Drug Ring Scenario', '6955885521', '6954121179', 1513527680, 155),
('Drug Ring Scenario', '6955893147', '6955258546', 1484673326, 31),
('Drug Ring Scenario', '6955893147', '6955258546', 1487007253, 29),
('Drug Ring Scenario', '6955893147', '6955258546', 1489520031, 92),
('Drug Ring Scenario', '6955893147', '6955258546', 1492280655, 81),
('Drug Ring Scenario', '6955893147', '6955258546', 1494872985, 31),
('Drug Ring Scenario', '6955893147', '6955258546', 1497720415, 144),
('Drug Ring Scenario', '6955893147', '6955258546', 1499969787, 20),
('Drug Ring Scenario', '6955893147', '6955258546', 1502731887, 144),
('Drug Ring Scenario', '6955893147', '6955258546', 1505326770, 27),
('Drug Ring Scenario', '6955893147', '6955258546', 1508170828, 29),
('Drug Ring Scenario', '6955893147', '6955258546', 1510773709, 82),
('Drug Ring Scenario', '6955893147', '6955258546', 1513365893, 146),
('Drug Ring Scenario', '6959595874', '6955258546', 1484594770, 95),
('Drug Ring Scenario', '6959595874', '6955258546', 1487356289, 21),
('Drug Ring Scenario', '6959595874', '6955258546', 1489516616, 25),
('Drug Ring Scenario', '6959595874', '6955258546', 1492270465, 153),
('Drug Ring Scenario', '6959595874', '6955258546', 1495042460, 82),
('Drug Ring Scenario', '6959595874', '6955258546', 1497367900, 21),
('Drug Ring Scenario', '6959595874', '6955258546', 1499969893, 86),
('Drug Ring Scenario', '6959595874', '6955258546', 1502730697, 26),
('Drug Ring Scenario', '6959595874', '6955258546', 1505664872, 22),
('Drug Ring Scenario', '6959595874', '6955258546', 1507998089, 91),
('Drug Ring Scenario', '6959595874', '6955258546', 1510946686, 29),
('Drug Ring Scenario', '6959595874', '6955258546', 1513530928, 149),
('Drug Ring Scenario', '6972423369', '6978787452', 1484673052, 83),
('Drug Ring Scenario', '6972423369', '6978787452', 1487092974, 147),
('Drug Ring Scenario', '6972423369', '6978787452', 1489602413, 82),
('Drug Ring Scenario', '6972423369', '6978787452', 1492187151, 94),
('Drug Ring Scenario', '6972423369', '6978787452', 1494778875, 147),
('Drug Ring Scenario', '6972423369', '6978787452', 1497465283, 21),
('Drug Ring Scenario', '6972423369', '6978787452', 1500218146, 30),
('Drug Ring Scenario', '6972423369', '6978787452', 1502644464, 151),
('Drug Ring Scenario', '6972423369', '6978787452', 1505500128, 27),
('Drug Ring Scenario', '6972423369', '6978787452', 1508080956, 144),
('Drug Ring Scenario', '6972423369', '6978787452', 1510939181, 20),
('Drug Ring Scenario', '6972423369', '6978787452', 1513272832, 150),
('Drug Ring Scenario', '6972423369', '6998521236', 1484590670, 32),
('Drug Ring Scenario', '6972423369', '6998521236', 1487186185, 140),
('Drug Ring Scenario', '6972423369', '6998521236', 1489774918, 141),
('Drug Ring Scenario', '6972423369', '6998521236', 1492274211, 147),
('Drug Ring Scenario', '6972423369', '6998521236', 1494699885, 31),
('Drug Ring Scenario', '6972423369', '6998521236', 1497461019, 147),
('Drug Ring Scenario', '6972423369', '6998521236', 1500312957, 146),
('Drug Ring Scenario', '6972423369', '6998521236', 1502984197, 33),
('Drug Ring Scenario', '6972423369', '6998521236', 1505316089, 150),
('Drug Ring Scenario', '6972423369', '6998521236', 1508256618, 29),
('Drug Ring Scenario', '6972423369', '6998521236', 1510946034, 155),
('Drug Ring Scenario', '6972423369', '6998521236', 1513362197, 141),
('Drug Ring Scenario', '6974121478', '6933216547', 1484583118, 33),
('Drug Ring Scenario', '6974121478', '6933216547', 1487002795, 34),
('Drug Ring Scenario', '6974121478', '6933216547', 1489682251, 144),
('Drug Ring Scenario', '6974121478', '6933216547', 1492190412, 87),
('Drug Ring Scenario', '6974121478', '6933216547', 1494696671, 33),
('Drug Ring Scenario', '6974121478', '6933216547', 1497723944, 91),
('Drug Ring Scenario', '6974121478', '6933216547', 1500226274, 35),
('Drug Ring Scenario', '6974121478', '6933216547', 1502994155, 92),
('Drug Ring Scenario', '6974121478', '6933216547', 1505410390, 140),
('Drug Ring Scenario', '6974121478', '6933216547', 1507994697, 82),
('Drug Ring Scenario', '6974121478', '6933216547', 1510597318, 93),
('Drug Ring Scenario', '6974121478', '6933216547', 1513452956, 27),
('Drug Ring Scenario', '6975245587', '6972423369', 1484511135, 75),
('Drug Ring Scenario', '6975245587', '6972423369', 1487274312, 59),
('Drug Ring Scenario', '6975245587', '6972423369', 1489521612, 94),
('Drug Ring Scenario', '6975245587', '6972423369', 1492196412, 94),
('Drug Ring Scenario', '6975245587', '6972423369', 1495035632, 119),
('Drug Ring Scenario', '6975245587', '6972423369', 1497368612, 119),
('Drug Ring Scenario', '6975245587', '6972423369', 1500132752, 120),
('Drug Ring Scenario', '6975245587', '6972423369', 1502810612, 119),
('Drug Ring Scenario', '6975245587', '6972423369', 1505488354, 130),
('Drug Ring Scenario', '6975245587', '6972423369', 1507831354, 198),
('Drug Ring Scenario', '6975245587', '6972423369', 1510945354, 198),
('Drug Ring Scenario', '6975245587', '6972423369', 1513195312, 78),
('Drug Ring Scenario', '6975245587', '6985652569', 1483281623, 32),
('Drug Ring Scenario', '6975245587', '6985652569', 1483282817, 157),
('Drug Ring Scenario', '6975245587', '6985652569', 1484251742, 132),
('Drug Ring Scenario', '6975245587', '6985652569', 1486894343, 0),
('Drug Ring Scenario', '6975245587', '6985652569', 1491054023, 32),
('Drug Ring Scenario', '6975245587', '6985652569', 1491055217, 157),
('Drug Ring Scenario', '6975245587', '6985652569', 1499850743, 0),
('Drug Ring Scenario', '6975245587', '6985652569', 1499886542, 132),
('Drug Ring Scenario', '6978787452', '6998521236', 1484594124, 82),
('Drug Ring Scenario', '6978787452', '6998521236', 1487010623, 92),
('Drug Ring Scenario', '6978787452', '6998521236', 1489691890, 23),
('Drug Ring Scenario', '6978787452', '6998521236', 1492276910, 35),
('Drug Ring Scenario', '6978787452', '6998521236', 1494951477, 145),
('Drug Ring Scenario', '6978787452', '6998521236', 1497367613, 149),
('Drug Ring Scenario', '6978787452', '6998521236', 1500142724, 148),
('Drug Ring Scenario', '6978787452', '6998521236', 1502818340, 154),
('Drug Ring Scenario', '6978787452', '6998521236', 1505413949, 151),
('Drug Ring Scenario', '6978787452', '6998521236', 1507911504, 24),
('Drug Ring Scenario', '6978787452', '6998521236', 1510770397, 85),
('Drug Ring Scenario', '6978787452', '6998521236', 1513538362, 83),
('Drug Ring Scenario', '6978787452', '6998744123', 1498371300, 71),
('Drug Ring Scenario', '6978787452', '6998744123', 1510730100, 70),
('Drug Ring Scenario', '6985652569', '6932552547', 1484327470, 28),
('Drug Ring Scenario', '6985652569', '6932552547', 1487265697, 140),
('Drug Ring Scenario', '6985652569', '6932552547', 1489594577, 80),
('Drug Ring Scenario', '6985652569', '6932552547', 1492269767, 147),
('Drug Ring Scenario', '6985652569', '6932552547', 1494864677, 89),
('Drug Ring Scenario', '6985652569', '6932552547', 1497374261, 22),
('Drug Ring Scenario', '6985652569', '6932552547', 1500218175, 93),
('Drug Ring Scenario', '6985652569', '6932552547', 1502647840, 145),
('Drug Ring Scenario', '6985652569', '6932552547', 1505492061, 35),
('Drug Ring Scenario', '6985652569', '6932552547', 1507907906, 94),
('Drug Ring Scenario', '6985652569', '6932552547', 1510683090, 87),
('Drug Ring Scenario', '6985652569', '6932552547', 1513527434, 147),
('Drug Ring Scenario', '6985652569', '6975245587', 1483637652, 336),
('Drug Ring Scenario', '6985652569', '6975245587', 1483726716, 720),
('Drug Ring Scenario', '6985652569', '6975245587', 1487308159, 189),
('Drug Ring Scenario', '6985652569', '6975245587', 1488783612, 729),
('Drug Ring Scenario', '6985652569', '6975245587', 1488784872, 198),
('Drug Ring Scenario', '6985652569', '6975245587', 1494002052, 336),
('Drug Ring Scenario', '6985652569', '6975245587', 1496769516, 720),
('Drug Ring Scenario', '6985652569', '6975245587', 1505621359, 189),
('Drug Ring Scenario', '6985652569', '6975245587', 1507269612, 729),
('Drug Ring Scenario', '6985652569', '6975245587', 1512544872, 198),
('Drug Ring Scenario', '6985877841', '6932552547', 1484669501, 150),
('Drug Ring Scenario', '6985877841', '6932552547', 1487359610, 145),
('Drug Ring Scenario', '6985877841', '6932552547', 1489692835, 93),
('Drug Ring Scenario', '6985877841', '6932552547', 1492442423, 32),
('Drug Ring Scenario', '6985877841', '6932552547', 1494955363, 148),
('Drug Ring Scenario', '6985877841', '6932552547', 1497633315, 92),
('Drug Ring Scenario', '6985877841', '6932552547', 1499970707, 152),
('Drug Ring Scenario', '6985877841', '6932552547', 1502986477, 89),
('Drug Ring Scenario', '6985877841', '6932552547', 1505323648, 30),
('Drug Ring Scenario', '6985877841', '6932552547', 1508005034, 90),
('Drug Ring Scenario', '6985877841', '6932552547', 1510591035, 151),
('Drug Ring Scenario', '6985877841', '6932552547', 1513444484, 29),
('Drug Ring Scenario', '6988563214', '6932552547', 1484677487, 33),
('Drug Ring Scenario', '6988563214', '6932552547', 1487013051, 28),
('Drug Ring Scenario', '6988563214', '6932552547', 1489598730, 85),
('Drug Ring Scenario', '6988563214', '6932552547', 1492191341, 153),
('Drug Ring Scenario', '6988563214', '6932552547', 1495041610, 23),
('Drug Ring Scenario', '6988563214', '6932552547', 1497461070, 84),
('Drug Ring Scenario', '6988563214', '6932552547', 1500131878, 86),
('Drug Ring Scenario', '6988563214', '6932552547', 1502648258, 25),
('Drug Ring Scenario', '6988563214', '6932552547', 1505327801, 26),
('Drug Ring Scenario', '6988563214', '6932552547', 1508264365, 33),
('Drug Ring Scenario', '6988563214', '6932552547', 1510684476, 21),
('Drug Ring Scenario', '6988563214', '6932552547', 1513192580, 31),
('Drug Ring Scenario', '6988563214', '6955258546', 1484328348, 33),
('Drug Ring Scenario', '6988563214', '6955258546', 1487099855, 145),
('Drug Ring Scenario', '6988563214', '6955258546', 1489768598, 84),
('Drug Ring Scenario', '6988563214', '6955258546', 1492359675, 153),
('Drug Ring Scenario', '6988563214', '6955258546', 1494782195, 81),
('Drug Ring Scenario', '6988563214', '6955258546', 1497634672, 21),
('Drug Ring Scenario', '6988563214', '6955258546', 1500053393, 155),
('Drug Ring Scenario', '6988563214', '6955258546', 1502991083, 95),
('Drug Ring Scenario', '6988563214', '6955258546', 1505406230, 153),
('Drug Ring Scenario', '6988563214', '6955258546', 1508001860, 93),
('Drug Ring Scenario', '6988563214', '6955258546', 1510600635, 89),
('Drug Ring Scenario', '6988563214', '6955258546', 1513441124, 84),
('Drug Ring Scenario', '6988741236', '6954121179', 1484508386, 28),
('Drug Ring Scenario', '6988741236', '6954121179', 1487093381, 85),
('Drug Ring Scenario', '6988741236', '6954121179', 1489768167, 87),
('Drug Ring Scenario', '6988741236', '6954121179', 1492445674, 28),
('Drug Ring Scenario', '6988741236', '6954121179', 1494696943, 27),
('Drug Ring Scenario', '6988741236', '6954121179', 1497716831, 140),
('Drug Ring Scenario', '6988741236', '6954121179', 1500048803, 153),
('Drug Ring Scenario', '6988741236', '6954121179', 1502637633, 150),
('Drug Ring Scenario', '6988741236', '6954121179', 1505668940, 81),
('Drug Ring Scenario', '6988741236', '6954121179', 1508080761, 89),
('Drug Ring Scenario', '6988741236', '6954121179', 1510852244, 89),
('Drug Ring Scenario', '6988741236', '6954121179', 1513452891, 26),
('Drug Ring Scenario', '6998521236', '6933216547', 1484677450, 94),
('Drug Ring Scenario', '6998521236', '6933216547', 1487013024, 149),
('Drug Ring Scenario', '6998521236', '6933216547', 1489692272, 86),
('Drug Ring Scenario', '6998521236', '6933216547', 1492366362, 150),
('Drug Ring Scenario', '6998521236', '6933216547', 1495037855, 84),
('Drug Ring Scenario', '6998521236', '6933216547', 1497633454, 141),
('Drug Ring Scenario', '6998521236', '6933216547', 1500221414, 144),
('Drug Ring Scenario', '6998521236', '6933216547', 1502735450, 32),
('Drug Ring Scenario', '6998521236', '6933216547', 1505668347, 26),
('Drug Ring Scenario', '6998521236', '6933216547', 1508167727, 82),
('Drug Ring Scenario', '6998521236', '6933216547', 1510860975, 26),
('Drug Ring Scenario', '6998521236', '6933216547', 1513451472, 145),
('Drug Ring Scenario', '6998521236', '6952545587', 1484507540, 149),
('Drug Ring Scenario', '6998521236', '6952545587', 1487352912, 89),
('Drug Ring Scenario', '6998521236', '6952545587', 1489519211, 92),
('Drug Ring Scenario', '6998521236', '6952545587', 1492367364, 143),
('Drug Ring Scenario', '6998521236', '6952545587', 1494956063, 89),
('Drug Ring Scenario', '6998521236', '6952545587', 1497636658, 148),
('Drug Ring Scenario', '6998521236', '6952545587', 1500218981, 147),
('Drug Ring Scenario', '6998521236', '6952545587', 1502987681, 24),
('Drug Ring Scenario', '6998521236', '6952545587', 1505327841, 34),
('Drug Ring Scenario', '6998521236', '6952545587', 1507907857, 32),
('Drug Ring Scenario', '6998521236', '6952545587', 1510857352, 31),
('Drug Ring Scenario', '6998521236', '6952545587', 1513275222, 154),
('Drug Ring Scenario', '6998521236', '6955258546', 1484324611, 34),
('Drug Ring Scenario', '6998521236', '6955258546', 1487179539, 32),
('Drug Ring Scenario', '6998521236', '6955258546', 1489772186, 142),
('Drug Ring Scenario', '6998521236', '6955258546', 1492446091, 140),
('Drug Ring Scenario', '6998521236', '6955258546', 1494952358, 27),
('Drug Ring Scenario', '6998521236', '6955258546', 1497634185, 83),
('Drug Ring Scenario', '6998521236', '6955258546', 1500308183, 91),
('Drug Ring Scenario', '6998521236', '6955258546', 1502723770, 146),
('Drug Ring Scenario', '6998521236', '6955258546', 1505579489, 153),
('Drug Ring Scenario', '6998521236', '6955258546', 1508168127, 85),
('Drug Ring Scenario', '6998521236', '6955258546', 1510946436, 146),
('Drug Ring Scenario', '6998521236', '6955258546', 1513362836, 86),
('Drug Ring Scenario', '6998521236', '6972423369', 1484670293, 21),
('Drug Ring Scenario', '6998521236', '6972423369', 1487100465, 24),
('Drug Ring Scenario', '6998521236', '6972423369', 1489684453, 153),
('Drug Ring Scenario', '6998521236', '6972423369', 1492277876, 33),
('Drug Ring Scenario', '6998521236', '6972423369', 1494872656, 95),
('Drug Ring Scenario', '6998521236', '6972423369', 1497370274, 84),
('Drug Ring Scenario', '6998521236', '6972423369', 1500046005, 29),
('Drug Ring Scenario', '6998521236', '6972423369', 1502648422, 91),
('Drug Ring Scenario', '6998521236', '6972423369', 1505665337, 95),
('Drug Ring Scenario', '6998521236', '6972423369', 1507998198, 152),
('Drug Ring Scenario', '6998521236', '6972423369', 1510936213, 145),
('Drug Ring Scenario', '6998521236', '6972423369', 1513279785, 22),
('Drug Ring Scenario', '6998521236', '6978787452', 1484595334, 80),
('Drug Ring Scenario', '6998521236', '6978787452', 1487348602, 34),
('Drug Ring Scenario', '6998521236', '6978787452', 1489775494, 81),
('Drug Ring Scenario', '6998521236', '6978787452', 1492443451, 88),
('Drug Ring Scenario', '6998521236', '6978787452', 1494865576, 28),
('Drug Ring Scenario', '6998521236', '6978787452', 1497461388, 83),
('Drug Ring Scenario', '6998521236', '6978787452', 1500316100, 22),
('Drug Ring Scenario', '6998521236', '6978787452', 1502904999, 147),
('Drug Ring Scenario', '6998521236', '6978787452', 1505662495, 88),
('Drug Ring Scenario', '6998521236', '6978787452', 1508088146, 25),
('Drug Ring Scenario', '6998521236', '6978787452', 1510600708, 145),
('Drug Ring Scenario', '6998521236', '6978787452', 1513527925, 90),
('Drug Ring Scenario', '6998521236', '6998744123', 1484415358, 23),
('Drug Ring Scenario', '6998521236', '6998744123', 1487268796, 87),
('Drug Ring Scenario', '6998521236', '6998744123', 1489516463, 88),
('Drug Ring Scenario', '6998521236', '6998744123', 1492190780, 140),
('Drug Ring Scenario', '6998521236', '6998744123', 1495034193, 23),
('Drug Ring Scenario', '6998521236', '6998744123', 1497461804, 94),
('Drug Ring Scenario', '6998521236', '6998744123', 1500315613, 28),
('Drug Ring Scenario', '6998521236', '6998744123', 1502907162, 145),
('Drug Ring Scenario', '6998521236', '6998744123', 1505672616, 34),
('Drug Ring Scenario', '6998521236', '6998744123', 1508257915, 21),
('Drug Ring Scenario', '6998521236', '6998744123', 1510946488, 27),
('Drug Ring Scenario', '6998521236', '6998744123', 1513452208, 89),
('Drug Ring Scenario', '6998744123', '6945465321', 1484033132, 30),
('Drug Ring Scenario', '6998744123', '6945465321', 1499667932, 30),
('Drug Ring Scenario', '6998744123', '6972423369', 1484593958, 25),
('Drug Ring Scenario', '6998744123', '6972423369', 1487182931, 152),
('Drug Ring Scenario', '6998744123', '6972423369', 1489771712, 27),
('Drug Ring Scenario', '6998744123', '6972423369', 1492449053, 146),
('Drug Ring Scenario', '6998744123', '6972423369', 1494786408, 23),
('Drug Ring Scenario', '6998744123', '6972423369', 1497551426, 94),
('Drug Ring Scenario', '6998744123', '6972423369', 1500142968, 82),
('Drug Ring Scenario', '6998744123', '6972423369', 1502811017, 82),
('Drug Ring Scenario', '6998744123', '6972423369', 1505575695, 149),
('Drug Ring Scenario', '6998744123', '6972423369', 1507911268, 87),
('Drug Ring Scenario', '6998744123', '6972423369', 1510589515, 152),
('Drug Ring Scenario', '6998744123', '6972423369', 1513189116, 91),
('Drug Ring Scenario', '6998744123', '6998521236', 1484418461, 32),
('Drug Ring Scenario', '6998744123', '6998521236', 1487182294, 90),
('Drug Ring Scenario', '6998744123', '6998521236', 1489508084, 24),
('Drug Ring Scenario', '6998744123', '6998521236', 1492453108, 32),
('Drug Ring Scenario', '6998744123', '6998521236', 1494959335, 147),
('Drug Ring Scenario', '6998744123', '6998521236', 1497543169, 32),
('Drug Ring Scenario', '6998744123', '6998521236', 1500138751, 26),
('Drug Ring Scenario', '6998744123', '6998521236', 1502731368, 81),
('Drug Ring Scenario', '6998744123', '6998521236', 1505489278, 142),
('Drug Ring Scenario', '6998744123', '6998521236', 1508170952, 144),
('Drug Ring Scenario', '6998744123', '6998521236', 1510939153, 92),
('Drug Ring Scenario', '6998744123', '6998521236', 1513528283, 146),
('Drug Ring Scenario', '6998747412', '6998521236', 1484331055, 82),
('Drug Ring Scenario', '6998747412', '6998521236', 1487186391, 92),
('Drug Ring Scenario', '6998747412', '6998521236', 1489516533, 84),
('Drug Ring Scenario', '6998747412', '6998521236', 1492355636, 93),
('Drug Ring Scenario', '6998747412', '6998521236', 1494699898, 21),
('Drug Ring Scenario', '6998747412', '6998521236', 1497544657, 82),
('Drug Ring Scenario', '6998747412', '6998521236', 1500312561, 155),
('Drug Ring Scenario', '6998747412', '6998521236', 1502986213, 94),
('Drug Ring Scenario', '6998747412', '6998521236', 1505664940, 30),
('Drug Ring Scenario', '6998747412', '6998521236', 1508253610, 148),
('Drug Ring Scenario', '6998747412', '6998521236', 1510856477, 84),
('Drug Ring Scenario', '6998747412', '6998521236', 1513185153, 89),
('Drug Ring Scenario', '6998747412', '6998744123', 1498371300, 70),
('Drug Ring Scenario', '6998747412', '6998744123', 1510730100, 69);

-- --------------------------------------------------------

--
-- Δομή πίνακα για τον πίνακα `ix_datasets_telephone_numbers`
--

CREATE TABLE `ix_datasets_telephone_numbers` (
  `set_name` varchar(200) COLLATE utf8_unicode_ci NOT NULL,
  `number` varchar(50) COLLATE utf8_unicode_ci NOT NULL
) ENGINE=InnoDB DEFAULT CHARSET=utf8 COLLATE=utf8_unicode_ci;

--
-- Άδειασμα δεδομένων του πίνακα `ix_datasets_telephone_numbers`
--

INSERT INTO `ix_datasets_telephone_numbers` (`set_name`, `number`) VALUES
('Drug Ring Scenario', '6932552547'),
('Drug Ring Scenario', '6933216547'),
('Drug Ring Scenario', '6933636321'),
('Drug Ring Scenario', '6935452578'),
('Drug Ring Scenario', '6936369632'),
('Drug Ring Scenario', '6936547892'),
('Drug Ring Scenario', '6936565687'),
('Drug Ring Scenario', '6941321478'),
('Drug Ring Scenario', '6945212321'),
('Drug Ring Scenario', '6945454569'),
('Drug Ring Scenario', '6945465321'),
('Drug Ring Scenario', '6945874123'),
('Drug Ring Scenario', '6952545587'),
('Drug Ring Scenario', '6953237547'),
('Drug Ring Scenario', '6954121179'),
('Drug Ring Scenario', '6954123698'),
('Drug Ring Scenario', '6954565852'),
('Drug Ring Scenario', '6955258546'),
('Drug Ring Scenario', '6955862429'),
('Drug Ring Scenario', '6955885521'),
('Drug Ring Scenario', '6955893147'),
('Drug Ring Scenario', '6959595874'),
('Drug Ring Scenario', '6972423369'),
('Drug Ring Scenario', '6974121478'),
('Drug Ring Scenario', '6975245587'),
('Drug Ring Scenario', '6978692850'),
('Drug Ring Scenario', '6978745456'),
('Drug Ring Scenario', '6978787452'),
('Drug Ring Scenario', '6985652569'),
('Drug Ring Scenario', '6985877841'),
('Drug Ring Scenario', '6988563214'),
('Drug Ring Scenario', '6988741236'),
('Drug Ring Scenario', '6998521236'),
('Drug Ring Scenario', '6998744123'),
('Drug Ring Scenario', '6998747412');

-- --------------------------------------------------------

--
-- Δομή πίνακα για τον πίνακα `ix_field_assignments`
--

CREATE TABLE `ix_field_assignments` (
  `column_index` tinyint(2) UNSIGNED NOT NULL,
  `select_index` tinyint(2) UNSIGNED NOT NULL,
  `optgroup_index` tinyint(2) UNSIGNED NOT NULL,
  `template_name` varchar(250) COLLATE utf8_unicode_ci NOT NULL
) ENGINE=InnoDB DEFAULT CHARSET=utf8 COLLATE=utf8_unicode_ci;

--
-- Άδειασμα δεδομένων του πίνακα `ix_field_assignments`
--

INSERT INTO `ix_field_assignments` (`column_index`, `select_index`, `optgroup_index`, `template_name`) VALUES
(1, 0, 2, 'Data Template'),
(2, 0, 1, 'Data Template'),
(3, 1, 1, 'Data Template'),
(4, 2, 1, 'Data Template'),
(5, 3, 1, 'Data Template'),
(6, 4, 1, 'Data Template'),
(7, 5, 1, 'Data Template'),
(8, 6, 1, 'Data Template'),
(9, 7, 1, 'Data Template'),
(10, 8, 1, 'Data Template'),
(11, 9, 1, 'Data Template'),
(12, 10, 1, 'Data Template'),
(1, 0, 1, 'Telecommunications template'),
(2, 0, 2, 'Telecommunications template'),
(3, 1, 3, 'Telecommunications template'),
(4, 2, 3, 'Telecommunications template'),
(5, 4, 3, 'Telecommunications template'),
(6, 5, 3, 'Telecommunications template'),
(7, 6, 3, 'Telecommunications template');

-- --------------------------------------------------------

--
-- Δομή πίνακα για τον πίνακα `ix_file_filters`
--

CREATE TABLE `ix_file_filters` (
  `filter_order` tinyint(2) UNSIGNED NOT NULL,
  `column_index` tinyint(2) NOT NULL,
  `filter_type` enum('ignore_lines','remove_prefix','remove_suffix','add_prefix','add_suffix','remove_fixed_prefix','remove_fixed_suffix','exclude_if_contains','replace_with_null') COLLATE utf8_unicode_ci NOT NULL,
  `filter_value` varchar(35) COLLATE utf8_unicode_ci NOT NULL,
  `template_name` varchar(250) COLLATE utf8_unicode_ci NOT NULL
) ENGINE=InnoDB DEFAULT CHARSET=utf8 COLLATE=utf8_unicode_ci;

--
-- Άδειασμα δεδομένων του πίνακα `ix_file_filters`
--

INSERT INTO `ix_file_filters` (`filter_order`, `column_index`, `filter_type`, `filter_value`, `template_name`) VALUES
(1, 1, 'ignore_lines', '1', 'Telecommunications template');

-- --------------------------------------------------------

--
-- Δομή πίνακα για τον πίνακα `ix_import_templates`
--

CREATE TABLE `ix_import_templates` (
  `name` varchar(250) CHARACTER SET utf8 COLLATE utf8_unicode_ci NOT NULL
) ENGINE=InnoDB DEFAULT CHARSET=utf8mb4 COLLATE=utf8mb4_unicode_ci;

--
-- Άδειασμα δεδομένων του πίνακα `ix_import_templates`
--

INSERT INTO `ix_import_templates` (`name`) VALUES
('Data Template'),
('Telecommunications template');

-- --------------------------------------------------------

--
-- Δομή πίνακα για τον πίνακα `ix_persons`
--

CREATE TABLE `ix_persons` (
  `id_number` varchar(50) COLLATE utf8_unicode_ci NOT NULL DEFAULT '',
  `surname` varchar(100) COLLATE utf8_unicode_ci NOT NULL DEFAULT '',
  `name` varchar(50) COLLATE utf8_unicode_ci NOT NULL DEFAULT '',
  `gender` enum('F','M','Unknown') COLLATE utf8_unicode_ci NOT NULL DEFAULT 'Unknown',
  `alias` varchar(50) COLLATE utf8_unicode_ci DEFAULT NULL,
  `address` varchar(250) COLLATE utf8_unicode_ci DEFAULT NULL,
  `fathersname` varchar(50) COLLATE utf8_unicode_ci DEFAULT NULL,
  `mothersname` varchar(50) COLLATE utf8_unicode_ci DEFAULT NULL,
  `ssn` varchar(100) COLLATE utf8_unicode_ci DEFAULT NULL,
  `birthdate` date DEFAULT NULL,
  `country` varchar(50) COLLATE utf8_unicode_ci DEFAULT NULL
) ENGINE=InnoDB DEFAULT CHARSET=utf8 COLLATE=utf8_unicode_ci;

--
-- Άδειασμα δεδομένων του πίνακα `ix_persons`
--

INSERT INTO `ix_persons` (`id_number`, `surname`, `name`, `gender`, `alias`, `address`, `fathersname`, `mothersname`, `ssn`, `birthdate`, `country`) VALUES
('AA-100199', 'Επίθετο 23', 'Όνομα 23', 'Unknown', 'Alias 23', 'Address 23', 'Fathersname 23', 'Mothersname 23', NULL, '2017-11-16', 'Albania'),
('AA-121478', 'Επίθετο 2', 'Όνομα 2', 'Unknown', 'Alias 2', 'Address 2', 'Fathersname 2', 'Mothersname 2', NULL, '2017-10-26', 'Greece'),
('AA-123456', 'Επίθετο 9', 'Όνομα 9', 'Unknown', 'Alias 9', 'Address 9', 'Fathersname 9', 'Mothersname 9', NULL, '2017-11-02', 'Greece'),
('AA-204302', 'Επίθετο 24', 'Όνομα 24', 'Unknown', 'Alias 24', 'Address 24', 'Fathersname 24', 'Mothersname 24', NULL, '2017-11-17', 'Greece'),
('AA-908231', 'Επίθετο 10', 'Όνομα 10', 'Unknown', 'Alias 10', 'Address 10', 'Fathersname 10', 'Mothersname 10', NULL, '2017-11-03', 'Greece'),
('AB-234592', 'Επίθετο 27', 'Όνομα 27', 'Unknown', 'Alias 27', 'Address 27', 'Fathersname 27', 'Mothersname 27', NULL, '2017-11-20', 'Boulgaria'),
('AB-456123', 'Επίθετο 25', 'Όνομα 25', 'Unknown', 'Alias 25', 'Address 25', 'Fathersname 25', 'Mothersname 25', NULL, '2017-11-18', 'Greece'),
('AB-598836', 'Επίθετο 3', 'Όνομα 3', 'Unknown', 'Alias 3', 'Address 3', 'Fathersname 3', 'Mothersname 3', NULL, '2017-10-27', 'Greece'),
('AE-121098', 'Επίθετο 16', 'Όνομα 16', 'Unknown', 'Alias 16', 'Address 16', 'Fathersname 16', 'Mothersname 16', NULL, '2017-11-09', 'Greece'),
('AE-124342', 'Επίθετο 33', 'Όνομα 33', 'Unknown', 'Alias 33', 'Address 33', 'Fathersname 33', 'Mothersname 33', NULL, '2017-11-26', 'Greece'),
('AE-534296', 'Επίθετο 17', 'Όνομα 17', 'Unknown', 'Alias 17', 'Address 17', 'Fathersname 17', 'Mothersname 17', NULL, '2017-11-10', 'Greece'),
('AK-100100', 'Επίθετο 19', 'Όνομα 19', 'Unknown', 'Alias 19', 'Address 19', 'Fathersname 19', 'Mothersname 19', NULL, '2017-11-12', 'Greece'),
('AK-123463', 'Επίθετο 32', 'Όνομα 32', 'Unknown', 'Alias 32', 'Address 32', 'Fathersname 32', 'Mothersname 32', NULL, '2017-11-25', 'Serbia'),
('AK-134294', 'Επίθετο 6', 'Όνομα 6', 'Unknown', 'Alias 6', 'Address 6', 'Fathersname 6', 'Mothersname 6', NULL, '2017-10-30', 'Greece'),
('AK-210059', 'Επίθετο 20', 'Όνομα 20', 'Unknown', 'Alias 20', 'Address 20', 'Fathersname 20', 'Mothersname 20', NULL, '2017-11-13', 'Greece'),
('AK-235012', 'Επίθετο 30', 'Όνομα 30', 'Unknown', 'Alias 30', 'Address 30', 'Fathersname 30', 'Mothersname 30', NULL, '2017-11-23', 'Greece'),
('AK-245690', 'Επίθετο 26', 'Όνομα 26', 'Unknown', 'Alias 26', 'Address 26', 'Fathersname 26', 'Mothersname 26', NULL, '2017-11-19', 'Greece'),
('AK-309409', 'Επίθετο 21', 'Όνομα 21', 'Unknown', 'Alias 21', 'Address 21', 'Fathersname 21', 'Mothersname 21', NULL, '2017-11-14', 'Greece'),
('AK-897240', 'Επίθετο 15', 'Όνομα 15', 'Unknown', 'Alias 15', 'Address 15', 'Fathersname 15', 'Mothersname 15', NULL, '2017-11-08', 'Russia'),
('AK-901209', 'Επίθετο 14', 'Όνομα 14', 'Unknown', 'Alias 14', 'Address 14', 'Fathersname 14', 'Mothersname 14', NULL, '2017-11-07', 'Greece'),
('AM-124243', 'Επίθετο 28', 'Όνομα 28', 'Unknown', 'Alias 28', 'Address 28', 'Fathersname 28', 'Mothersname 28', NULL, '2017-11-21', 'Greece'),
('AM-14550', 'Επίθετο 34', 'Όνομα 34', 'Unknown', 'Alias 34', 'Address 34', 'Fathersname 34', 'Mothersname 34', NULL, '2017-11-27', 'Greece'),
('AM-252565', 'Επίθετο 1', 'Όνομα 1', 'Unknown', 'Alias 1', 'Address 1', 'Fathersname 1', 'Mothersname 1', NULL, '2017-10-25', 'Greece'),
('AM-340854', 'Επίθετο 31', 'Όνομα 31', 'Unknown', 'Alias 31', 'Address 31', 'Fathersname 31', 'Mothersname 31', NULL, '2017-11-24', 'Serbia'),
('AN-090897', 'Επίθετο 8', 'Όνομα 8', 'Unknown', 'Alias 8', 'Address 8', 'Fathersname 8', 'Mothersname 8', NULL, '2017-11-01', 'Greece'),
('AN-102935', 'Επίθετο 22', 'Όνομα 22', 'Unknown', 'Alias 22', 'Address 22', 'Fathersname 22', 'Mothersname 22', NULL, '2017-11-15', 'Greece'),
('AN-109923', 'Επίθετο 18', 'Όνομα 18', 'Unknown', 'Alias 18', 'Address 18', 'Fathersname 18', 'Mothersname 18', NULL, '2017-11-11', 'Russia'),
('AN-546023', 'Επίθετο 29', 'Όνομα 29', 'Unknown', 'Alias 29', 'Address 29', 'Fathersname 29', 'Mothersname 29', NULL, '2017-11-22', 'Greece'),
('AN-963654', 'Επίθετο 5', 'Όνομα 5', 'Unknown', 'Alias 5', 'Address 5', 'Fathersname 5', 'Mothersname 5', NULL, '2017-10-29', 'Greece'),
('AZ-900234', 'Επίθετο 11', 'Όνομα 11', 'Unknown', 'Alias 11', 'Address 11', 'Fathersname 11', 'Mothersname 11', NULL, '2017-11-04', 'Boulgaria'),
('AZ-909121', 'Επίθετο 13', 'Όνομα 13', 'Unknown', 'Alias 13', 'Address 13', 'Fathersname 13', 'Mothersname 13', NULL, '2017-11-06', 'Greece'),
('AZ-923871', 'Επίθετο 12', 'Όνομα 12', 'Unknown', 'Alias 12', 'Address 12', 'Fathersname 12', 'Mothersname 12', NULL, '2017-11-05', 'Greece'),
('K-142785', 'Επίθετο 4', 'Όνομα 4', 'Unknown', 'Alias 4', 'Address 4', 'Fathersname 4', 'Mothersname 4', NULL, '2017-10-28', 'Greece'),
('ΑΜ-012312', 'Επίθετο 7', 'Όνομα 7', 'Unknown', 'Alias 7', 'Address 7', 'Fathersname 7', 'Mothersname 7', NULL, '2017-10-31', 'Albania');

-- --------------------------------------------------------

--
-- Δομή πίνακα για τον πίνακα `ix_persons_telephones`
--

CREATE TABLE `ix_persons_telephones` (
  `telephone_number` varchar(50) COLLATE utf8_unicode_ci NOT NULL,
  `relationship` enum('owns','uses') COLLATE utf8_unicode_ci NOT NULL DEFAULT 'owns',
  `validity` enum('A1','A2','A3','A4','B1','B2','B3','B4','C1','C2','C3','C4','D1','D2','D3','D4') COLLATE utf8_unicode_ci NOT NULL,
  `id_number` varchar(50) COLLATE utf8_unicode_ci NOT NULL,
  `surname` varchar(100) COLLATE utf8_unicode_ci NOT NULL,
  `name` varchar(50) COLLATE utf8_unicode_ci NOT NULL
) ENGINE=InnoDB DEFAULT CHARSET=utf8 COLLATE=utf8_unicode_ci;

--
-- Άδειασμα δεδομένων του πίνακα `ix_persons_telephones`
--

INSERT INTO `ix_persons_telephones` (`telephone_number`, `relationship`, `validity`, `id_number`, `surname`, `name`) VALUES
('6932552547', 'owns', 'A1', 'AK-134294', 'Επίθετο 6', 'Όνομα 6'),
('6933216547', 'owns', 'A1', 'AA-100199', 'Επίθετο 23', 'Όνομα 23'),
('6933636321', 'owns', 'A1', 'AN-109923', 'Επίθετο 18', 'Όνομα 18'),
('6935452578', 'owns', 'A1', 'K-142785', 'Επίθετο 4', 'Όνομα 4'),
('6936369632', 'owns', 'A1', 'AE-534296', 'Επίθετο 17', 'Όνομα 17'),
('6936547892', 'owns', 'A1', 'AM-124243', 'Επίθετο 28', 'Όνομα 28'),
('6936565687', 'owns', 'A1', 'AZ-923871', 'Επίθετο 12', 'Όνομα 12'),
('6941321478', 'owns', 'A1', 'AK-897240', 'Επίθετο 15', 'Όνομα 15'),
('6945212321', 'owns', 'A1', 'AB-456123', 'Επίθετο 25', 'Όνομα 25'),
('6945454569', 'owns', 'A1', 'AN-102935', 'Επίθετο 22', 'Όνομα 22'),
('6945465321', 'owns', 'A1', 'AE-124342', 'Επίθετο 33', 'Όνομα 33'),
('6945874123', 'owns', 'A1', 'AA-204302', 'Επίθετο 24', 'Όνομα 24'),
('6952545587', 'owns', 'A1', 'AA-123456', 'Επίθετο 9', 'Όνομα 9'),
('6953237547', 'owns', 'A1', 'AN-963654', 'Επίθετο 5', 'Όνομα 5'),
('6954121179', 'owns', 'A1', 'AK-901209', 'Επίθετο 14', 'Όνομα 14'),
('6954123698', 'owns', 'A1', 'AK-309409', 'Επίθετο 21', 'Όνομα 21'),
('6954565852', 'owns', 'A1', 'AB-234592', 'Επίθετο 27', 'Όνομα 27'),
('6955258546', 'owns', 'A1', 'AA-908231', 'Επίθετο 10', 'Όνομα 10'),
('6955862429', 'owns', 'A1', 'AK-100100', 'Επίθετο 19', 'Όνομα 19'),
('6955885521', 'owns', 'A1', 'AE-121098', 'Επίθετο 16', 'Όνομα 16'),
('6955893147', 'owns', 'A1', 'AZ-900234', 'Επίθετο 11', 'Όνομα 11'),
('6959595874', 'owns', 'A1', 'AZ-909121', 'Επίθετο 13', 'Όνομα 13'),
('6972423369', 'owns', 'A1', 'AB-598836', 'Επίθετο 3', 'Όνομα 3'),
('6974121478', 'owns', 'A1', 'AK-245690', 'Επίθετο 26', 'Όνομα 26'),
('6975245587', 'owns', 'A1', 'AM-252565', 'Επίθετο 1', 'Όνομα 1'),
('6978745456', 'owns', 'A1', 'AM-14550', 'Επίθετο 34', 'Όνομα 34'),
('6978787452', 'owns', 'A1', 'AK-235012', 'Επίθετο 30', 'Όνομα 30'),
('6985652569', 'owns', 'A1', 'AA-121478', 'Επίθετο 2', 'Όνομα 2'),
('6985877841', 'owns', 'A1', 'ΑΜ-012312', 'Επίθετο 7', 'Όνομα 7'),
('6988563214', 'owns', 'A1', 'AN-090897', 'Επίθετο 8', 'Όνομα 8'),
('6988741236', 'owns', 'A1', 'AK-210059', 'Επίθετο 20', 'Όνομα 20'),
('6998521236', 'owns', 'A1', 'AK-123463', 'Επίθετο 32', 'Όνομα 32'),
('6998744123', 'owns', 'A1', 'AM-340854', 'Επίθετο 31', 'Όνομα 31'),
('6998747412', 'owns', 'A1', 'AN-546023', 'Επίθετο 29', 'Όνομα 29');

-- --------------------------------------------------------

--
-- Δομή πίνακα για τον πίνακα `ix_settings`
--

CREATE TABLE `ix_settings` (
  `setting_name` varchar(100) COLLATE utf8_unicode_ci NOT NULL,
  `setting_value` varchar(100) COLLATE utf8_unicode_ci NOT NULL
) ENGINE=InnoDB DEFAULT CHARSET=utf8 COLLATE=utf8_unicode_ci;

--
-- Άδειασμα δεδομένων του πίνακα `ix_settings`
--

INSERT INTO `ix_settings` (`setting_name`, `setting_value`) VALUES
('csv_delimiter', ';');

-- --------------------------------------------------------

--
-- Δομή πίνακα για τον πίνακα `ix_telecommunications`
--

CREATE TABLE `ix_telecommunications` (
  `telephone_1` varchar(50) COLLATE utf8_unicode_ci NOT NULL,
  `telephone_2` varchar(50) COLLATE utf8_unicode_ci NOT NULL,
  `time_stamp` int(10) UNSIGNED NOT NULL,
  `duration` int(11) UNSIGNED NOT NULL,
  `weight` float NOT NULL DEFAULT '0.5',
  `type` enum('CALL','SMS','OTHER') COLLATE utf8_unicode_ci NOT NULL,
  `creation_date` timestamp NOT NULL DEFAULT CURRENT_TIMESTAMP,
  `edit_date` timestamp NULL DEFAULT NULL
) ENGINE=InnoDB DEFAULT CHARSET=utf8 COLLATE=utf8_unicode_ci;

--
-- Άδειασμα δεδομένων του πίνακα `ix_telecommunications`
--

INSERT INTO `ix_telecommunications` (`telephone_1`, `telephone_2`, `time_stamp`, `duration`, `weight`, `type`, `creation_date`, `edit_date`) VALUES
('6932552547', '6952545587', 1484670217, 94, 0.5, 'CALL', '2018-01-11 09:57:06', NULL),
('6932552547', '6952545587', 1487088991, 155, 0.5, 'CALL', '2018-01-11 09:57:06', NULL),
('6932552547', '6952545587', 1489606353, 88, 0.5, 'CALL', '2018-01-11 09:57:06', NULL),
('6932552547', '6952545587', 1492194939, 86, 0.5, 'CALL', '2018-01-11 09:57:06', NULL),
('6932552547', '6952545587', 1494958764, 31, 0.5, 'CALL', '2018-01-11 09:57:06', NULL),
('6932552547', '6952545587', 1497375014, 81, 0.5, 'CALL', '2018-01-11 09:57:06', NULL),
('6932552547', '6952545587', 1499963386, 90, 0.5, 'CALL', '2018-01-11 09:57:06', NULL),
('6932552547', '6952545587', 1502897854, 81, 0.5, 'CALL', '2018-01-11 09:57:06', NULL),
('6932552547', '6952545587', 1505586153, 95, 0.5, 'CALL', '2018-01-11 09:57:06', NULL),
('6932552547', '6952545587', 1507916031, 141, 0.5, 'CALL', '2018-01-11 09:57:06', NULL),
('6932552547', '6952545587', 1510676952, 88, 0.5, 'CALL', '2018-01-11 09:57:06', NULL),
('6932552547', '6952545587', 1513358188, 91, 0.5, 'CALL', '2018-01-11 09:57:06', NULL),
('6932552547', '6972423369', 1484584168, 88, 0.5, 'CALL', '2018-01-11 09:57:06', NULL),
('6932552547', '6972423369', 1487176428, 144, 0.5, 'CALL', '2018-01-11 09:57:06', NULL),
('6932552547', '6972423369', 1489595555, 92, 0.5, 'CALL', '2018-01-11 09:57:06', NULL),
('6932552547', '6972423369', 1492442438, 30, 0.5, 'CALL', '2018-01-11 09:57:06', NULL),
('6932552547', '6972423369', 1495046147, 48, 0.5, 'CALL', '2018-01-11 09:57:06', NULL),
('6932552547', '6972423369', 1497717026, 33, 0.5, 'CALL', '2018-01-11 09:57:06', NULL),
('6932552547', '6972423369', 1500304337, 36, 0.5, 'CALL', '2018-01-11 09:57:06', NULL),
('6932552547', '6972423369', 1502814574, 155, 0.5, 'CALL', '2018-01-11 09:57:06', NULL),
('6932552547', '6972423369', 1505587060, 22, 0.5, 'CALL', '2018-01-11 09:57:06', NULL),
('6932552547', '6972423369', 1507914630, 23, 0.5, 'CALL', '2018-01-11 09:57:06', NULL),
('6932552547', '6972423369', 1510600295, 26, 0.5, 'CALL', '2018-01-11 09:57:06', NULL),
('6932552547', '6972423369', 1513527459, 31, 0.5, 'CALL', '2018-01-11 09:57:06', NULL),
('6932552547', '6985652569', 1484324852, 149, 0.5, 'CALL', '2018-01-11 09:57:06', NULL),
('6932552547', '6985652569', 1487183435, 148, 0.5, 'CALL', '2018-01-11 09:57:06', NULL),
('6932552547', '6985652569', 1489770977, 34, 0.5, 'CALL', '2018-01-11 09:57:06', NULL),
('6932552547', '6985652569', 1492356343, 80, 0.5, 'CALL', '2018-01-11 09:57:06', NULL),
('6932552547', '6985652569', 1494872791, 32, 0.5, 'CALL', '2018-01-11 09:57:06', NULL),
('6932552547', '6985652569', 1497712470, 27, 0.5, 'CALL', '2018-01-11 09:57:06', NULL),
('6932552547', '6985652569', 1500142961, 85, 0.5, 'CALL', '2018-01-11 09:57:06', NULL),
('6932552547', '6985652569', 1502645659, 155, 0.5, 'CALL', '2018-01-11 09:57:06', NULL),
('6932552547', '6985652569', 1505579860, 147, 0.5, 'CALL', '2018-01-11 09:57:06', NULL),
('6932552547', '6985652569', 1507998522, 143, 0.5, 'CALL', '2018-01-11 09:57:06', NULL),
('6932552547', '6985652569', 1510946783, 150, 0.5, 'CALL', '2018-01-11 09:57:06', NULL),
('6932552547', '6985652569', 1513268198, 92, 0.5, 'CALL', '2018-01-11 09:57:06', NULL),
('6932552547', '6985877841', 1484496857, 25, 0.5, 'CALL', '2018-01-11 09:57:06', NULL),
('6932552547', '6985877841', 1487180013, 27, 0.5, 'CALL', '2018-01-11 09:57:06', NULL),
('6932552547', '6985877841', 1489508154, 84, 0.5, 'CALL', '2018-01-11 09:57:06', NULL),
('6932552547', '6985877841', 1492100351, 153, 0.5, 'CALL', '2018-01-11 09:57:06', NULL),
('6932552547', '6985877841', 1494864974, 146, 0.5, 'CALL', '2018-01-11 09:57:06', NULL),
('6932552547', '6985877841', 1497367428, 89, 0.5, 'CALL', '2018-01-11 09:57:06', NULL),
('6932552547', '6985877841', 1500308561, 93, 0.5, 'CALL', '2018-01-11 09:57:06', NULL),
('6932552547', '6985877841', 1502907822, 144, 0.5, 'CALL', '2018-01-11 09:57:06', NULL),
('6932552547', '6985877841', 1505315476, 22, 0.5, 'CALL', '2018-01-11 09:57:06', NULL),
('6932552547', '6985877841', 1508171851, 153, 0.5, 'CALL', '2018-01-11 09:57:06', NULL),
('6932552547', '6985877841', 1510856086, 34, 0.5, 'CALL', '2018-01-11 09:57:06', NULL),
('6932552547', '6985877841', 1513538986, 33, 0.5, 'CALL', '2018-01-11 09:57:06', NULL),
('6932552547', '6988563214', 1484324961, 82, 0.5, 'CALL', '2018-01-11 09:57:06', NULL),
('6932552547', '6988563214', 1487176272, 151, 0.5, 'CALL', '2018-01-11 09:57:06', NULL),
('6932552547', '6988563214', 1489515620, 83, 0.5, 'CALL', '2018-01-11 09:57:06', NULL),
('6932552547', '6988563214', 1492100722, 94, 0.5, 'CALL', '2018-01-11 09:57:06', NULL),
('6932552547', '6988563214', 1494864932, 148, 0.5, 'CALL', '2018-01-11 09:57:06', NULL),
('6932552547', '6988563214', 1497540941, 82, 0.5, 'CALL', '2018-01-11 09:57:06', NULL),
('6932552547', '6988563214', 1499958639, 150, 0.5, 'CALL', '2018-01-11 09:57:06', NULL),
('6932552547', '6988563214', 1502641590, 94, 0.5, 'CALL', '2018-01-11 09:57:06', NULL),
('6932552547', '6988563214', 1505324079, 92, 0.5, 'CALL', '2018-01-11 09:57:06', NULL),
('6932552547', '6988563214', 1507918229, 32, 0.5, 'CALL', '2018-01-11 09:57:06', NULL),
('6932552547', '6988563214', 1510589577, 28, 0.5, 'CALL', '2018-01-11 09:57:06', NULL),
('6932552547', '6988563214', 1513189161, 88, 0.5, 'CALL', '2018-01-11 09:57:06', NULL),
('6933216547', '6978787452', 1484583589, 81, 0.5, 'CALL', '2018-01-11 09:57:06', NULL),
('6933216547', '6978787452', 1487096980, 82, 0.5, 'CALL', '2018-01-11 09:57:06', NULL),
('6933216547', '6978787452', 1489422027, 86, 0.5, 'CALL', '2018-01-11 09:57:06', NULL),
('6933216547', '6978787452', 1492355832, 83, 0.5, 'CALL', '2018-01-11 09:57:06', NULL),
('6933216547', '6978787452', 1494862355, 154, 0.5, 'CALL', '2018-01-11 09:57:06', NULL),
('6933216547', '6978787452', 1497378349, 145, 0.5, 'CALL', '2018-01-11 09:57:06', NULL),
('6933216547', '6978787452', 1499970332, 152, 0.5, 'CALL', '2018-01-11 09:57:06', NULL),
('6933216547', '6978787452', 1502820761, 80, 0.5, 'CALL', '2018-01-11 09:57:06', NULL),
('6933216547', '6978787452', 1505405634, 140, 0.5, 'CALL', '2018-01-11 09:57:06', NULL),
('6933216547', '6978787452', 1508088835, 26, 0.5, 'CALL', '2018-01-11 09:57:06', NULL),
('6933216547', '6978787452', 1510680137, 140, 0.5, 'CALL', '2018-01-11 09:57:06', NULL),
('6933216547', '6978787452', 1513276534, 154, 0.5, 'CALL', '2018-01-11 09:57:06', NULL),
('6933216547', '6998521236', 1484595205, 155, 0.5, 'CALL', '2018-01-11 09:57:06', NULL),
('6933216547', '6998521236', 1487096512, 84, 0.5, 'CALL', '2018-01-11 09:57:06', NULL),
('6933216547', '6998521236', 1489512144, 92, 0.5, 'CALL', '2018-01-11 09:57:06', NULL),
('6933216547', '6998521236', 1492450058, 152, 0.5, 'CALL', '2018-01-11 09:57:06', NULL),
('6933216547', '6998521236', 1494692712, 25, 0.5, 'CALL', '2018-01-11 09:57:06', NULL),
('6933216547', '6998521236', 1497627236, 141, 0.5, 'CALL', '2018-01-11 09:57:06', NULL),
('6933216547', '6998521236', 1500057074, 90, 0.5, 'CALL', '2018-01-11 09:57:06', NULL),
('6933216547', '6998521236', 1502648237, 83, 0.5, 'CALL', '2018-01-11 09:57:06', NULL),
('6933216547', '6998521236', 1505320036, 25, 0.5, 'CALL', '2018-01-11 09:57:06', NULL),
('6933216547', '6998521236', 1508257359, 84, 0.5, 'CALL', '2018-01-11 09:57:06', NULL),
('6933216547', '6998521236', 1510939184, 80, 0.5, 'CALL', '2018-01-11 09:57:06', NULL),
('6933216547', '6998521236', 1513276534, 94, 0.5, 'CALL', '2018-01-11 09:57:06', NULL),
('6933333333', '6944444444', 1517349600, 120, 0.5, '', '2018-01-31 19:27:29', NULL),
('6933636321', '6954121179', 1484422601, 30, 0.5, 'CALL', '2018-01-11 09:57:06', NULL),
('6933636321', '6954121179', 1487186391, 24, 0.5, 'CALL', '2018-01-11 09:57:06', NULL),
('6933636321', '6954121179', 1489693070, 149, 0.5, 'CALL', '2018-01-11 09:57:06', NULL),
('6933636321', '6954121179', 1492442027, 84, 0.5, 'CALL', '2018-01-11 09:57:06', NULL),
('6933636321', '6954121179', 1494783392, 143, 0.5, 'CALL', '2018-01-11 09:57:06', NULL),
('6933636321', '6954121179', 1497453809, 151, 0.5, 'CALL', '2018-01-11 09:57:06', NULL),
('6933636321', '6954121179', 1500229535, 20, 0.5, 'CALL', '2018-01-11 09:57:06', NULL),
('6933636321', '6954121179', 1502649071, 148, 0.5, 'CALL', '2018-01-11 09:57:06', NULL),
('6933636321', '6954121179', 1505669114, 145, 0.5, 'CALL', '2018-01-11 09:57:06', NULL),
('6933636321', '6954121179', 1508002494, 80, 0.5, 'CALL', '2018-01-11 09:57:06', NULL),
('6933636321', '6954121179', 1510769838, 155, 0.5, 'CALL', '2018-01-11 09:57:06', NULL),
('6933636321', '6954121179', 1513186494, 92, 0.5, 'CALL', '2018-01-11 09:57:06', NULL),
('6935452578', '6972423369', 1484590875, 86, 0.5, 'CALL', '2018-01-11 09:57:06', NULL),
('6935452578', '6972423369', 1487261839, 146, 0.5, 'CALL', '2018-01-11 09:57:06', NULL),
('6935452578', '6972423369', 1489680635, 80, 0.5, 'CALL', '2018-01-11 09:57:06', NULL),
('6935452578', '6972423369', 1492367601, 130, 0.5, 'CALL', '2018-01-11 09:57:06', NULL),
('6935452578', '6972423369', 1495037593, 77, 0.5, 'CALL', '2018-01-11 09:57:06', NULL),
('6935452578', '6972423369', 1497453897, 155, 0.5, 'CALL', '2018-01-11 09:57:06', NULL),
('6935452578', '6972423369', 1500228999, 152, 0.5, 'CALL', '2018-01-11 09:57:06', NULL),
('6935452578', '6972423369', 1502648011, 148, 0.5, 'CALL', '2018-01-11 09:57:06', NULL),
('6935452578', '6972423369', 1505488933, 25, 0.5, 'CALL', '2018-01-11 09:57:06', NULL),
('6935452578', '6972423369', 1508253990, 29, 0.5, 'CALL', '2018-01-11 09:57:06', NULL),
('6935452578', '6972423369', 1510762421, 30, 0.5, 'CALL', '2018-01-11 09:57:06', NULL),
('6935452578', '6972423369', 1513451596, 154, 0.5, 'CALL', '2018-01-11 09:57:06', NULL),
('6936369632', '6954121179', 1484327697, 83, 0.5, 'CALL', '2018-01-11 09:57:06', NULL),
('6936369632', '6954121179', 1487265694, 90, 0.5, 'CALL', '2018-01-11 09:57:06', NULL),
('6936369632', '6954121179', 1489688712, 150, 0.5, 'CALL', '2018-01-11 09:57:06', NULL),
('6936369632', '6954121179', 1492359257, 151, 0.5, 'CALL', '2018-01-11 09:57:06', NULL),
('6936369632', '6954121179', 1494955011, 30, 0.5, 'CALL', '2018-01-11 09:57:06', NULL),
('6936369632', '6954121179', 1497720070, 80, 0.5, 'CALL', '2018-01-11 09:57:06', NULL),
('6936369632', '6954121179', 1500055881, 150, 0.5, 'CALL', '2018-01-11 09:57:06', NULL),
('6936369632', '6954121179', 1502730928, 91, 0.5, 'CALL', '2018-01-11 09:57:06', NULL),
('6936369632', '6954121179', 1505493466, 23, 0.5, 'CALL', '2018-01-11 09:57:06', NULL),
('6936369632', '6954121179', 1507908761, 26, 0.5, 'CALL', '2018-01-11 09:57:06', NULL),
('6936369632', '6954121179', 1510856174, 153, 0.5, 'CALL', '2018-01-11 09:57:06', NULL),
('6936369632', '6954121179', 1513445438, 148, 0.5, 'CALL', '2018-01-11 09:57:06', NULL),
('6936547892', '6933216547', 1484678197, 92, 0.5, 'CALL', '2018-01-11 09:57:06', NULL),
('6936547892', '6933216547', 1487353043, 154, 0.5, 'CALL', '2018-01-11 09:57:06', NULL),
('6936547892', '6933216547', 1489602710, 83, 0.5, 'CALL', '2018-01-11 09:57:06', NULL),
('6936547892', '6933216547', 1492097263, 93, 0.5, 'CALL', '2018-01-11 09:57:06', NULL),
('6936547892', '6933216547', 1494786108, 34, 0.5, 'CALL', '2018-01-11 09:57:06', NULL),
('6936547892', '6933216547', 1497634162, 92, 0.5, 'CALL', '2018-01-11 09:57:06', NULL),
('6936547892', '6933216547', 1500045583, 22, 0.5, 'CALL', '2018-01-11 09:57:06', NULL),
('6936547892', '6933216547', 1502904575, 28, 0.5, 'CALL', '2018-01-11 09:57:06', NULL),
('6936547892', '6933216547', 1505402564, 81, 0.5, 'CALL', '2018-01-11 09:57:06', NULL),
('6936547892', '6933216547', 1507911872, 29, 0.5, 'CALL', '2018-01-11 09:57:06', NULL),
('6936547892', '6933216547', 1510590689, 33, 0.5, 'CALL', '2018-01-11 09:57:06', NULL),
('6936547892', '6933216547', 1513355302, 95, 0.5, 'CALL', '2018-01-11 09:57:06', NULL),
('6936565687', '6955258546', 1484501158, 155, 0.5, 'CALL', '2018-01-11 09:57:06', NULL),
('6936565687', '6955258546', 1487100205, 90, 0.5, 'CALL', '2018-01-11 09:57:06', NULL),
('6936565687', '6955258546', 1489680890, 147, 0.5, 'CALL', '2018-01-11 09:57:06', NULL),
('6936565687', '6955258546', 1492445720, 32, 0.5, 'CALL', '2018-01-11 09:57:06', NULL),
('6936565687', '6955258546', 1494781933, 155, 0.5, 'CALL', '2018-01-11 09:57:06', NULL),
('6936565687', '6955258546', 1497629789, 143, 0.5, 'CALL', '2018-01-11 09:57:06', NULL),
('6936565687', '6955258546', 1499959670, 153, 0.5, 'CALL', '2018-01-11 09:57:06', NULL),
('6936565687', '6955258546', 1502908008, 146, 0.5, 'CALL', '2018-01-11 09:57:06', NULL),
('6936565687', '6955258546', 1505323072, 80, 0.5, 'CALL', '2018-01-11 09:57:06', NULL),
('6936565687', '6955258546', 1507918230, 32, 0.5, 'CALL', '2018-01-11 09:57:06', NULL),
('6936565687', '6955258546', 1510600486, 32, 0.5, 'CALL', '2018-01-11 09:57:06', NULL),
('6936565687', '6955258546', 1513186531, 33, 0.5, 'CALL', '2018-01-11 09:57:06', NULL),
('6941321478', '6954121179', 1484418775, 147, 0.5, 'CALL', '2018-01-11 09:57:06', NULL),
('6941321478', '6954121179', 1487180032, 154, 0.5, 'CALL', '2018-01-11 09:57:06', NULL),
('6941321478', '6954121179', 1489767587, 83, 0.5, 'CALL', '2018-01-11 09:57:06', NULL),
('6941321478', '6954121179', 1492183183, 86, 0.5, 'CALL', '2018-01-11 09:57:06', NULL),
('6941321478', '6954121179', 1495038080, 27, 0.5, 'CALL', '2018-01-11 09:57:06', NULL),
('6941321478', '6954121179', 1497546670, 149, 0.5, 'CALL', '2018-01-11 09:57:06', NULL),
('6941321478', '6954121179', 1500055952, 147, 0.5, 'CALL', '2018-01-11 09:57:06', NULL),
('6941321478', '6954121179', 1502900837, 151, 0.5, 'CALL', '2018-01-11 09:57:06', NULL),
('6941321478', '6954121179', 1505316099, 150, 0.5, 'CALL', '2018-01-11 09:57:06', NULL),
('6941321478', '6954121179', 1508088951, 144, 0.5, 'CALL', '2018-01-11 09:57:06', NULL),
('6941321478', '6954121179', 1510770151, 152, 0.5, 'CALL', '2018-01-11 09:57:06', NULL),
('6941321478', '6954121179', 1513181452, 20, 0.5, 'CALL', '2018-01-11 09:57:06', NULL),
('6944444444', '6977777777', 1517349600, 60, 0.5, '', '2018-01-31 19:27:45', NULL),
('6945212321', '6933216547', 1484324090, 92, 0.5, 'CALL', '2018-01-11 09:57:06', NULL),
('6945212321', '6933216547', 1487356190, 90, 0.5, 'CALL', '2018-01-11 09:57:06', NULL),
('6945212321', '6933216547', 1489606351, 82, 0.5, 'CALL', '2018-01-11 09:57:06', NULL),
('6945212321', '6933216547', 1492103473, 27, 0.5, 'CALL', '2018-01-11 09:57:06', NULL),
('6945212321', '6933216547', 1494949052, 91, 0.5, 'CALL', '2018-01-11 09:57:06', NULL),
('6945212321', '6933216547', 1497463936, 149, 0.5, 'CALL', '2018-01-11 09:57:06', NULL),
('6945212321', '6933216547', 1500225734, 142, 0.5, 'CALL', '2018-01-11 09:57:06', NULL),
('6945212321', '6933216547', 1502905012, 152, 0.5, 'CALL', '2018-01-11 09:57:06', NULL),
('6945212321', '6933216547', 1505495841, 85, 0.5, 'CALL', '2018-01-11 09:57:06', NULL),
('6945212321', '6933216547', 1508179007, 143, 0.5, 'CALL', '2018-01-11 09:57:06', NULL),
('6945212321', '6933216547', 1510935576, 140, 0.5, 'CALL', '2018-01-11 09:57:06', NULL),
('6945212321', '6933216547', 1513269382, 28, 0.5, 'CALL', '2018-01-11 09:57:06', NULL),
('6945454569', '6954121179', 1484410898, 35, 0.5, 'CALL', '2018-01-11 09:57:06', NULL),
('6945454569', '6954121179', 1487268918, 146, 0.5, 'CALL', '2018-01-11 09:57:06', NULL),
('6945454569', '6954121179', 1489430176, 31, 0.5, 'CALL', '2018-01-11 09:57:06', NULL),
('6945454569', '6954121179', 1492362792, 148, 0.5, 'CALL', '2018-01-11 09:57:06', NULL),
('6945454569', '6954121179', 1495038504, 23, 0.5, 'CALL', '2018-01-11 09:57:06', NULL),
('6945454569', '6954121179', 1497637049, 33, 0.5, 'CALL', '2018-01-11 09:57:06', NULL),
('6945454569', '6954121179', 1500142934, 153, 0.5, 'CALL', '2018-01-11 09:57:06', NULL),
('6945454569', '6954121179', 1502901076, 152, 0.5, 'CALL', '2018-01-11 09:57:06', NULL),
('6945454569', '6954121179', 1505319015, 87, 0.5, 'CALL', '2018-01-11 09:57:06', NULL),
('6945454569', '6954121179', 1508261734, 26, 0.5, 'CALL', '2018-01-11 09:57:06', NULL),
('6945454569', '6954121179', 1510773010, 140, 0.5, 'CALL', '2018-01-11 09:57:06', NULL),
('6945454569', '6954121179', 1513527501, 83, 0.5, 'CALL', '2018-01-11 09:57:06', NULL),
('6945465321', '6978745456', 1484033252, 30, 0.5, 'CALL', '2018-01-11 09:57:06', NULL),
('6945465321', '6978745456', 1499668112, 30, 0.5, 'CALL', '2018-01-11 09:57:06', NULL),
('6945874123', '6933216547', 1484497047, 140, 0.5, 'CALL', '2018-01-11 09:57:06', NULL),
('6945874123', '6933216547', 1487186451, 87, 0.5, 'CALL', '2018-01-11 09:57:06', NULL),
('6945874123', '6933216547', 1489692038, 142, 0.5, 'CALL', '2018-01-11 09:57:06', NULL),
('6945874123', '6933216547', 1492453296, 25, 0.5, 'CALL', '2018-01-11 09:57:06', NULL),
('6945874123', '6933216547', 1494871896, 155, 0.5, 'CALL', '2018-01-11 09:57:06', NULL),
('6945874123', '6933216547', 1497625945, 80, 0.5, 'CALL', '2018-01-11 09:57:06', NULL),
('6945874123', '6933216547', 1500225972, 31, 0.5, 'CALL', '2018-01-11 09:57:06', NULL),
('6945874123', '6933216547', 1502637018, 94, 0.5, 'CALL', '2018-01-11 09:57:06', NULL),
('6945874123', '6933216547', 1505320120, 34, 0.5, 'CALL', '2018-01-11 09:57:06', NULL),
('6945874123', '6933216547', 1508260409, 81, 0.5, 'CALL', '2018-01-11 09:57:06', NULL),
('6945874123', '6933216547', 1510684017, 81, 0.5, 'CALL', '2018-01-11 09:57:06', NULL),
('6945874123', '6933216547', 1513358972, 30, 0.5, 'CALL', '2018-01-11 09:57:06', NULL),
('6952545587', '6932552547', 1484501794, 30, 0.5, 'CALL', '2018-01-11 09:57:06', NULL),
('6952545587', '6932552547', 1487100807, 93, 0.5, 'CALL', '2018-01-11 09:57:06', NULL),
('6952545587', '6932552547', 1489778518, 91, 0.5, 'CALL', '2018-01-11 09:57:06', NULL),
('6952545587', '6932552547', 1492449201, 33, 0.5, 'CALL', '2018-01-11 09:57:06', NULL),
('6952545587', '6932552547', 1495044921, 151, 0.5, 'CALL', '2018-01-11 09:57:06', NULL),
('6952545587', '6932552547', 1497377571, 151, 0.5, 'CALL', '2018-01-11 09:57:06', NULL),
('6952545587', '6932552547', 1500218720, 95, 0.5, 'CALL', '2018-01-11 09:57:06', NULL),
('6952545587', '6932552547', 1502991478, 86, 0.5, 'CALL', '2018-01-11 09:57:06', NULL),
('6952545587', '6932552547', 1505587075, 30, 0.5, 'CALL', '2018-01-11 09:57:06', NULL),
('6952545587', '6932552547', 1508173855, 140, 0.5, 'CALL', '2018-01-11 09:57:06', NULL),
('6952545587', '6932552547', 1510600881, 87, 0.5, 'CALL', '2018-01-11 09:57:06', NULL),
('6952545587', '6932552547', 1513538508, 26, 0.5, 'CALL', '2018-01-11 09:57:06', NULL),
('6952545587', '6955258546', 1484327785, 81, 0.5, 'CALL', '2018-01-11 09:57:06', NULL),
('6952545587', '6955258546', 1487003234, 148, 0.5, 'CALL', '2018-01-11 09:57:06', NULL),
('6952545587', '6955258546', 1489684492, 20, 0.5, 'CALL', '2018-01-11 09:57:06', NULL),
('6952545587', '6955258546', 1492193497, 35, 0.5, 'CALL', '2018-01-11 09:57:06', NULL),
('6952545587', '6955258546', 1495038261, 86, 0.5, 'CALL', '2018-01-11 09:57:06', NULL),
('6952545587', '6955258546', 1497716490, 83, 0.5, 'CALL', '2018-01-11 09:57:06', NULL),
('6952545587', '6955258546', 1499958773, 143, 0.5, 'CALL', '2018-01-11 09:57:06', NULL),
('6952545587', '6955258546', 1502817145, 23, 0.5, 'CALL', '2018-01-11 09:57:06', NULL),
('6952545587', '6955258546', 1505665595, 149, 0.5, 'CALL', '2018-01-11 09:57:06', NULL),
('6952545587', '6955258546', 1507919809, 155, 0.5, 'CALL', '2018-01-11 09:57:06', NULL),
('6952545587', '6955258546', 1510683647, 80, 0.5, 'CALL', '2018-01-11 09:57:06', NULL),
('6952545587', '6955258546', 1513531835, 24, 0.5, 'CALL', '2018-01-11 09:57:06', NULL),
('6952545587', '6998521236', 1484593848, 92, 0.5, 'CALL', '2018-01-11 09:57:06', NULL),
('6952545587', '6998521236', 1487003854, 151, 0.5, 'CALL', '2018-01-11 09:57:06', NULL),
('6952545587', '6998521236', 1489599274, 146, 0.5, 'CALL', '2018-01-11 09:57:06', NULL),
('6952545587', '6998521236', 1492276213, 90, 0.5, 'CALL', '2018-01-11 09:57:06', NULL),
('6952545587', '6998521236', 1494700426, 24, 0.5, 'CALL', '2018-01-11 09:57:06', NULL),
('6952545587', '6998521236', 1497548000, 20, 0.5, 'CALL', '2018-01-11 09:57:06', NULL),
('6952545587', '6998521236', 1499966307, 85, 0.5, 'CALL', '2018-01-11 09:57:06', NULL),
('6952545587', '6998521236', 1502899946, 148, 0.5, 'CALL', '2018-01-11 09:57:06', NULL),
('6952545587', '6998521236', 1505575519, 94, 0.5, 'CALL', '2018-01-11 09:57:06', NULL),
('6952545587', '6998521236', 1508261146, 84, 0.5, 'CALL', '2018-01-11 09:57:06', NULL),
('6952545587', '6998521236', 1510766800, 25, 0.5, 'CALL', '2018-01-11 09:57:06', NULL),
('6952545587', '6998521236', 1513362020, 33, 0.5, 'CALL', '2018-01-11 09:57:06', NULL),
('6953237547', '6972423369', 1484595273, 10, 0.5, 'CALL', '2018-01-11 09:57:06', NULL),
('6953237547', '6972423369', 1487186146, 12, 0.5, 'CALL', '2018-01-11 09:57:06', NULL),
('6953237547', '6972423369', 1489602681, 82, 0.5, 'CALL', '2018-01-11 09:57:06', NULL),
('6953237547', '6972423369', 1492446685, 33, 0.5, 'CALL', '2018-01-11 09:57:06', NULL),
('6953237547', '6972423369', 1494696398, 83, 0.5, 'CALL', '2018-01-11 09:57:06', NULL),
('6953237547', '6972423369', 1497637098, 21, 0.5, 'CALL', '2018-01-11 09:57:06', NULL),
('6953237547', '6972423369', 1499971030, 32, 0.5, 'CALL', '2018-01-11 09:57:06', NULL),
('6953237547', '6972423369', 1502724597, 138, 0.5, 'CALL', '2018-01-11 09:57:06', NULL),
('6953237547', '6972423369', 1505492354, 145, 0.5, 'CALL', '2018-01-11 09:57:06', NULL),
('6953237547', '6972423369', 1508170618, 84, 0.5, 'CALL', '2018-01-11 09:57:06', NULL),
('6953237547', '6972423369', 1510597211, 130, 0.5, 'CALL', '2018-01-11 09:57:06', NULL),
('6953237547', '6972423369', 1513358123, 138, 0.5, 'CALL', '2018-01-11 09:57:06', NULL),
('6954121179', '6998747412', 1484324908, 95, 0.5, 'CALL', '2018-01-11 09:57:06', NULL),
('6954121179', '6998747412', 1487009633, 149, 0.5, 'CALL', '2018-01-11 09:57:06', NULL),
('6954121179', '6998747412', 1489508961, 80, 0.5, 'CALL', '2018-01-11 09:57:06', NULL),
('6954121179', '6998747412', 1492450665, 85, 0.5, 'CALL', '2018-01-11 09:57:06', NULL),
('6954121179', '6998747412', 1494869231, 141, 0.5, 'CALL', '2018-01-11 09:57:06', NULL),
('6954121179', '6998747412', 1497371678, 81, 0.5, 'CALL', '2018-01-11 09:57:06', NULL),
('6954121179', '6998747412', 1500131497, 24, 0.5, 'CALL', '2018-01-11 09:57:06', NULL),
('6954121179', '6998747412', 1502637623, 31, 0.5, 'CALL', '2018-01-11 09:57:06', NULL),
('6954121179', '6998747412', 1505664619, 80, 0.5, 'CALL', '2018-01-11 09:57:06', NULL),
('6954121179', '6998747412', 1508001294, 141, 0.5, 'CALL', '2018-01-11 09:57:06', NULL),
('6954121179', '6998747412', 1510763321, 90, 0.5, 'CALL', '2018-01-11 09:57:06', NULL),
('6954121179', '6998747412', 1513189591, 155, 0.5, 'CALL', '2018-01-11 09:57:06', NULL),
('6954123698', '6954121179', 1484328054, 144, 0.5, 'CALL', '2018-01-11 09:57:06', NULL),
('6954123698', '6954121179', 1487176075, 140, 0.5, 'CALL', '2018-01-11 09:57:06', NULL),
('6954123698', '6954121179', 1489774976, 22, 0.5, 'CALL', '2018-01-11 09:57:06', NULL),
('6954123698', '6954121179', 1492097741, 24, 0.5, 'CALL', '2018-01-11 09:57:06', NULL),
('6954123698', '6954121179', 1494696219, 146, 0.5, 'CALL', '2018-01-11 09:57:06', NULL),
('6954123698', '6954121179', 1497367216, 149, 0.5, 'CALL', '2018-01-11 09:57:06', NULL),
('6954123698', '6954121179', 1500225518, 141, 0.5, 'CALL', '2018-01-11 09:57:06', NULL),
('6954123698', '6954121179', 1502983470, 21, 0.5, 'CALL', '2018-01-11 09:57:06', NULL),
('6954123698', '6954121179', 1505579688, 91, 0.5, 'CALL', '2018-01-11 09:57:06', NULL),
('6954123698', '6954121179', 1508080480, 152, 0.5, 'CALL', '2018-01-11 09:57:06', NULL),
('6954123698', '6954121179', 1510943029, 146, 0.5, 'CALL', '2018-01-11 09:57:06', NULL),
('6954123698', '6954121179', 1513451552, 87, 0.5, 'CALL', '2018-01-11 09:57:06', NULL),
('6954565852', '6933216547', 1484418858, 30, 0.5, 'CALL', '2018-01-11 09:57:06', NULL),
('6954565852', '6933216547', 1487003717, 33, 0.5, 'CALL', '2018-01-11 09:57:06', NULL),
('6954565852', '6933216547', 1489429194, 152, 0.5, 'CALL', '2018-01-11 09:57:06', NULL),
('6954565852', '6933216547', 1492104094, 152, 0.5, 'CALL', '2018-01-11 09:57:06', NULL),
('6954565852', '6933216547', 1494872677, 23, 0.5, 'CALL', '2018-01-11 09:57:06', NULL),
('6954565852', '6933216547', 1497633997, 143, 0.5, 'CALL', '2018-01-11 09:57:06', NULL),
('6954565852', '6933216547', 1500045738, 21, 0.5, 'CALL', '2018-01-11 09:57:06', NULL),
('6954565852', '6933216547', 1502734275, 152, 0.5, 'CALL', '2018-01-11 09:57:06', NULL),
('6954565852', '6933216547', 1505320163, 148, 0.5, 'CALL', '2018-01-11 09:57:06', NULL),
('6954565852', '6933216547', 1508177616, 142, 0.5, 'CALL', '2018-01-11 09:57:06', NULL),
('6954565852', '6933216547', 1510773081, 155, 0.5, 'CALL', '2018-01-11 09:57:06', NULL),
('6954565852', '6933216547', 1513362531, 31, 0.5, 'CALL', '2018-01-11 09:57:06', NULL),
('6955258546', '6998521236', 1484325095, 32, 0.5, 'CALL', '2018-01-11 09:57:06', NULL),
('6955258546', '6998521236', 1487096512, 26, 0.5, 'CALL', '2018-01-11 09:57:06', NULL),
('6955258546', '6998521236', 1489509092, 91, 0.5, 'CALL', '2018-01-11 09:57:06', NULL),
('6955258546', '6998521236', 1492276656, 87, 0.5, 'CALL', '2018-01-11 09:57:06', NULL),
('6955258546', '6998521236', 1494864637, 31, 0.5, 'CALL', '2018-01-11 09:57:06', NULL),
('6955258546', '6998521236', 1497712230, 91, 0.5, 'CALL', '2018-01-11 09:57:06', NULL),
('6955258546', '6998521236', 1500312916, 35, 0.5, 'CALL', '2018-01-11 09:57:06', NULL),
('6955258546', '6998521236', 1502817585, 145, 0.5, 'CALL', '2018-01-11 09:57:06', NULL),
('6955258546', '6998521236', 1505413605, 21, 0.5, 'CALL', '2018-01-11 09:57:06', NULL),
('6955258546', '6998521236', 1507919570, 35, 0.5, 'CALL', '2018-01-11 09:57:06', NULL),
('6955258546', '6998521236', 1510935087, 86, 0.5, 'CALL', '2018-01-11 09:57:06', NULL),
('6955258546', '6998521236', 1513535633, 21, 0.5, 'CALL', '2018-01-11 09:57:06', NULL),
('6955258546', '6998747412', 1484681240, 91, 0.5, 'CALL', '2018-01-11 09:57:06', NULL),
('6955258546', '6998747412', 1487096569, 145, 0.5, 'CALL', '2018-01-11 09:57:06', NULL),
('6955258546', '6998747412', 1489433802, 86, 0.5, 'CALL', '2018-01-11 09:57:06', NULL),
('6955258546', '6998747412', 1492443399, 30, 0.5, 'CALL', '2018-01-11 09:57:06', NULL),
('6955258546', '6998747412', 1494951143, 25, 0.5, 'CALL', '2018-01-11 09:57:06', NULL),
('6955258546', '6998747412', 1497457956, 155, 0.5, 'CALL', '2018-01-11 09:57:06', NULL),
('6955258546', '6998747412', 1499959488, 82, 0.5, 'CALL', '2018-01-11 09:57:06', NULL),
('6955258546', '6998747412', 1502641255, 85, 0.5, 'CALL', '2018-01-11 09:57:06', NULL),
('6955258546', '6998747412', 1505673388, 151, 0.5, 'CALL', '2018-01-11 09:57:06', NULL),
('6955258546', '6998747412', 1508261859, 92, 0.5, 'CALL', '2018-01-11 09:57:06', NULL),
('6955258546', '6998747412', 1510848851, 140, 0.5, 'CALL', '2018-01-11 09:57:06', NULL),
('6955258546', '6998747412', 1513273032, 81, 0.5, 'CALL', '2018-01-11 09:57:06', NULL),
('6955862429', '6954121179', 1484421798, 28, 0.5, 'CALL', '2018-01-11 09:57:06', NULL),
('6955862429', '6954121179', 1487358762, 34, 0.5, 'CALL', '2018-01-11 09:57:06', NULL),
('6955862429', '6954121179', 1489605610, 27, 0.5, 'CALL', '2018-01-11 09:57:06', NULL),
('6955862429', '6954121179', 1492194567, 148, 0.5, 'CALL', '2018-01-11 09:57:06', NULL),
('6955862429', '6954121179', 1494699948, 95, 0.5, 'CALL', '2018-01-11 09:57:06', NULL),
('6955862429', '6954121179', 1497633234, 32, 0.5, 'CALL', '2018-01-11 09:57:06', NULL),
('6955862429', '6954121179', 1500048747, 23, 0.5, 'CALL', '2018-01-11 09:57:06', NULL),
('6955862429', '6954121179', 1502648851, 85, 0.5, 'CALL', '2018-01-11 09:57:06', NULL),
('6955862429', '6954121179', 1505409805, 26, 0.5, 'CALL', '2018-01-11 09:57:06', NULL),
('6955862429', '6954121179', 1508001408, 84, 0.5, 'CALL', '2018-01-11 09:57:06', NULL),
('6955862429', '6954121179', 1510940076, 24, 0.5, 'CALL', '2018-01-11 09:57:06', NULL),
('6955862429', '6954121179', 1513448276, 20, 0.5, 'CALL', '2018-01-11 09:57:06', NULL),
('6955885521', '6954121179', 1484591148, 27, 0.5, 'CALL', '2018-01-11 09:57:06', NULL),
('6955885521', '6954121179', 1487355203, 91, 0.5, 'CALL', '2018-01-11 09:57:06', NULL),
('6955885521', '6954121179', 1489513006, 84, 0.5, 'CALL', '2018-01-11 09:57:06', NULL),
('6955885521', '6954121179', 1492454231, 85, 0.5, 'CALL', '2018-01-11 09:57:06', NULL),
('6955885521', '6954121179', 1495041643, 29, 0.5, 'CALL', '2018-01-11 09:57:06', NULL),
('6955885521', '6954121179', 1497371440, 89, 0.5, 'CALL', '2018-01-11 09:57:06', NULL),
('6955885521', '6954121179', 1500049354, 26, 0.5, 'CALL', '2018-01-11 09:57:06', NULL),
('6955885521', '6954121179', 1502641295, 25, 0.5, 'CALL', '2018-01-11 09:57:06', NULL),
('6955885521', '6954121179', 1505575772, 26, 0.5, 'CALL', '2018-01-11 09:57:06', NULL),
('6955885521', '6954121179', 1508167902, 33, 0.5, 'CALL', '2018-01-11 09:57:06', NULL),
('6955885521', '6954121179', 1510676313, 149, 0.5, 'CALL', '2018-01-11 09:57:06', NULL),
('6955885521', '6954121179', 1513527680, 155, 0.5, 'CALL', '2018-01-11 09:57:06', NULL),
('6955893147', '6955258546', 1484673326, 31, 0.5, 'CALL', '2018-01-11 09:57:06', NULL),
('6955893147', '6955258546', 1487007253, 29, 0.5, 'CALL', '2018-01-11 09:57:06', NULL),
('6955893147', '6955258546', 1489520031, 92, 0.5, 'CALL', '2018-01-11 09:57:06', NULL),
('6955893147', '6955258546', 1492280655, 81, 0.5, 'CALL', '2018-01-11 09:57:06', NULL),
('6955893147', '6955258546', 1494872985, 31, 0.5, 'CALL', '2018-01-11 09:57:06', NULL),
('6955893147', '6955258546', 1497720415, 144, 0.5, 'CALL', '2018-01-11 09:57:06', NULL),
('6955893147', '6955258546', 1499969787, 20, 0.5, 'CALL', '2018-01-11 09:57:06', NULL),
('6955893147', '6955258546', 1502731887, 144, 0.5, 'CALL', '2018-01-11 09:57:06', NULL),
('6955893147', '6955258546', 1505326770, 27, 0.5, 'CALL', '2018-01-11 09:57:06', NULL),
('6955893147', '6955258546', 1508170828, 29, 0.5, 'CALL', '2018-01-11 09:57:06', NULL),
('6955893147', '6955258546', 1510773709, 82, 0.5, 'CALL', '2018-01-11 09:57:06', NULL),
('6955893147', '6955258546', 1513365893, 146, 0.5, 'CALL', '2018-01-11 09:57:06', NULL),
('6959595874', '6955258546', 1484594770, 95, 0.5, 'CALL', '2018-01-11 09:57:06', NULL),
('6959595874', '6955258546', 1487356289, 21, 0.5, 'CALL', '2018-01-11 09:57:06', NULL),
('6959595874', '6955258546', 1489516616, 25, 0.5, 'CALL', '2018-01-11 09:57:06', NULL),
('6959595874', '6955258546', 1492270465, 153, 0.5, 'CALL', '2018-01-11 09:57:06', NULL),
('6959595874', '6955258546', 1495042460, 82, 0.5, 'CALL', '2018-01-11 09:57:06', NULL),
('6959595874', '6955258546', 1497367900, 21, 0.5, 'CALL', '2018-01-11 09:57:06', NULL),
('6959595874', '6955258546', 1499969893, 86, 0.5, 'CALL', '2018-01-11 09:57:06', NULL),
('6959595874', '6955258546', 1502730697, 26, 0.5, 'CALL', '2018-01-11 09:57:06', NULL),
('6959595874', '6955258546', 1505664872, 22, 0.5, 'CALL', '2018-01-11 09:57:06', NULL),
('6959595874', '6955258546', 1507998089, 91, 0.5, 'CALL', '2018-01-11 09:57:06', NULL),
('6959595874', '6955258546', 1510946686, 29, 0.5, 'CALL', '2018-01-11 09:57:06', NULL),
('6959595874', '6955258546', 1513530928, 149, 0.5, 'CALL', '2018-01-11 09:57:06', NULL),
('6972423369', '6978787452', 1484673052, 83, 0.5, 'CALL', '2018-01-11 09:57:06', NULL),
('6972423369', '6978787452', 1487092974, 147, 0.5, 'CALL', '2018-01-11 09:57:06', NULL),
('6972423369', '6978787452', 1489602413, 82, 0.5, 'CALL', '2018-01-11 09:57:06', NULL),
('6972423369', '6978787452', 1492187151, 94, 0.5, 'CALL', '2018-01-11 09:57:06', NULL),
('6972423369', '6978787452', 1494778875, 147, 0.5, 'CALL', '2018-01-11 09:57:06', NULL),
('6972423369', '6978787452', 1497465283, 21, 0.5, 'CALL', '2018-01-11 09:57:06', NULL),
('6972423369', '6978787452', 1500218146, 30, 0.5, 'CALL', '2018-01-11 09:57:06', NULL),
('6972423369', '6978787452', 1502644464, 151, 0.5, 'CALL', '2018-01-11 09:57:06', NULL),
('6972423369', '6978787452', 1505500128, 27, 0.5, 'CALL', '2018-01-11 09:57:06', NULL),
('6972423369', '6978787452', 1508080956, 144, 0.5, 'CALL', '2018-01-11 09:57:06', NULL),
('6972423369', '6978787452', 1510939181, 20, 0.5, 'CALL', '2018-01-11 09:57:06', NULL),
('6972423369', '6978787452', 1513272832, 150, 0.5, 'CALL', '2018-01-11 09:57:06', NULL),
('6972423369', '6998521236', 1484590670, 32, 0.5, 'CALL', '2018-01-11 09:57:06', NULL),
('6972423369', '6998521236', 1487186185, 140, 0.5, 'CALL', '2018-01-11 09:57:06', NULL),
('6972423369', '6998521236', 1489774918, 141, 0.5, 'CALL', '2018-01-11 09:57:06', NULL),
('6972423369', '6998521236', 1492274211, 147, 0.5, 'CALL', '2018-01-11 09:57:06', NULL),
('6972423369', '6998521236', 1494699885, 31, 0.5, 'CALL', '2018-01-11 09:57:06', NULL),
('6972423369', '6998521236', 1497461019, 147, 0.5, 'CALL', '2018-01-11 09:57:06', NULL),
('6972423369', '6998521236', 1500312957, 146, 0.5, 'CALL', '2018-01-11 09:57:06', NULL),
('6972423369', '6998521236', 1502984197, 33, 0.5, 'CALL', '2018-01-11 09:57:06', NULL),
('6972423369', '6998521236', 1505316089, 150, 0.5, 'CALL', '2018-01-11 09:57:06', NULL),
('6972423369', '6998521236', 1508256618, 29, 0.5, 'CALL', '2018-01-11 09:57:06', NULL),
('6972423369', '6998521236', 1510946034, 155, 0.5, 'CALL', '2018-01-11 09:57:06', NULL),
('6972423369', '6998521236', 1513362197, 141, 0.5, 'CALL', '2018-01-11 09:57:06', NULL),
('6974121478', '6933216547', 1484583118, 33, 0.5, 'CALL', '2018-01-11 09:57:06', NULL),
('6974121478', '6933216547', 1487002795, 34, 0.5, 'CALL', '2018-01-11 09:57:06', NULL),
('6974121478', '6933216547', 1489682251, 144, 0.5, 'CALL', '2018-01-11 09:57:06', NULL),
('6974121478', '6933216547', 1492190412, 87, 0.5, 'CALL', '2018-01-11 09:57:06', NULL),
('6974121478', '6933216547', 1494696671, 33, 0.5, 'CALL', '2018-01-11 09:57:06', NULL),
('6974121478', '6933216547', 1497723944, 91, 0.5, 'CALL', '2018-01-11 09:57:06', NULL),
('6974121478', '6933216547', 1500226274, 35, 0.5, 'CALL', '2018-01-11 09:57:06', NULL),
('6974121478', '6933216547', 1502994155, 92, 0.5, 'CALL', '2018-01-11 09:57:06', NULL),
('6974121478', '6933216547', 1505410390, 140, 0.5, 'CALL', '2018-01-11 09:57:06', NULL),
('6974121478', '6933216547', 1507994697, 82, 0.5, 'CALL', '2018-01-11 09:57:06', NULL),
('6974121478', '6933216547', 1510597318, 93, 0.5, 'CALL', '2018-01-11 09:57:06', NULL),
('6974121478', '6933216547', 1513452956, 27, 0.5, 'CALL', '2018-01-11 09:57:06', NULL),
('6975245587', '6972423369', 1484511135, 75, 0.5, 'CALL', '2018-01-11 09:57:06', NULL),
('6975245587', '6972423369', 1487274312, 59, 0.5, 'CALL', '2018-01-11 09:57:06', NULL),
('6975245587', '6972423369', 1489521612, 94, 0.5, 'CALL', '2018-01-11 09:57:06', NULL),
('6975245587', '6972423369', 1492196412, 94, 0.5, 'CALL', '2018-01-11 09:57:06', NULL),
('6975245587', '6972423369', 1495035632, 119, 0.5, 'CALL', '2018-01-11 09:57:06', NULL),
('6975245587', '6972423369', 1497368612, 119, 0.5, 'CALL', '2018-01-11 09:57:06', NULL),
('6975245587', '6972423369', 1500132752, 120, 0.5, 'CALL', '2018-01-11 09:57:06', NULL),
('6975245587', '6972423369', 1502810612, 119, 0.5, 'CALL', '2018-01-11 09:57:06', NULL),
('6975245587', '6972423369', 1505488354, 130, 0.5, 'CALL', '2018-01-11 09:57:06', NULL),
('6975245587', '6972423369', 1507831354, 198, 0.5, 'CALL', '2018-01-11 09:57:06', NULL),
('6975245587', '6972423369', 1510945354, 198, 0.5, 'CALL', '2018-01-11 09:57:06', NULL),
('6975245587', '6972423369', 1513195312, 78, 0.5, 'CALL', '2018-01-11 09:57:06', NULL),
('6975245587', '6985652569', 1483281623, 32, 0.5, 'CALL', '2018-01-11 09:57:06', NULL),
('6975245587', '6985652569', 1483282817, 157, 0.5, 'CALL', '2018-01-11 09:57:06', NULL),
('6975245587', '6985652569', 1484251742, 132, 0.5, 'CALL', '2018-01-11 09:57:06', NULL),
('6975245587', '6985652569', 1486894343, 0, 0.5, 'SMS', '2018-01-11 09:57:06', NULL),
('6975245587', '6985652569', 1491054023, 32, 0.5, 'CALL', '2018-01-11 09:57:06', NULL),
('6975245587', '6985652569', 1491055217, 157, 0.5, 'CALL', '2018-01-11 09:57:06', NULL),
('6975245587', '6985652569', 1499850743, 0, 0.5, 'SMS', '2018-01-11 09:57:06', NULL),
('6975245587', '6985652569', 1499886542, 132, 0.5, 'CALL', '2018-01-11 09:57:06', NULL),
('6977777777', '6932222222', 1517349600, 180, 0.5, '', '2018-01-31 19:28:08', NULL),
('6977777777', '6933333333', 1517349600, 62, 0.5, '', '2018-01-31 19:29:08', NULL),
('6978692850', '6942682796', 1516167248, 127, 0, '', '2018-01-22 17:19:39', NULL),
('6978787452', '6998521236', 1484594124, 82, 0.5, 'CALL', '2018-01-11 09:57:06', NULL),
('6978787452', '6998521236', 1487010623, 92, 0.5, 'CALL', '2018-01-11 09:57:06', NULL),
('6978787452', '6998521236', 1489691890, 23, 0.5, 'CALL', '2018-01-11 09:57:06', NULL),
('6978787452', '6998521236', 1492276910, 35, 0.5, 'CALL', '2018-01-11 09:57:06', NULL),
('6978787452', '6998521236', 1494951477, 145, 0.5, 'CALL', '2018-01-11 09:57:06', NULL),
('6978787452', '6998521236', 1497367613, 149, 0.5, 'CALL', '2018-01-11 09:57:06', NULL),
('6978787452', '6998521236', 1500142724, 148, 0.5, 'CALL', '2018-01-11 09:57:06', NULL),
('6978787452', '6998521236', 1502818340, 154, 0.5, 'CALL', '2018-01-11 09:57:06', NULL),
('6978787452', '6998521236', 1505413949, 151, 0.5, 'CALL', '2018-01-11 09:57:06', NULL),
('6978787452', '6998521236', 1507911504, 24, 0.5, 'CALL', '2018-01-11 09:57:06', NULL),
('6978787452', '6998521236', 1510770397, 85, 0.5, 'CALL', '2018-01-11 09:57:06', NULL),
('6978787452', '6998521236', 1513538362, 83, 0.5, 'CALL', '2018-01-11 09:57:06', NULL),
('6978787452', '6998744123', 1498371300, 71, 0.5, 'CALL', '2018-01-11 09:57:06', NULL),
('6978787452', '6998744123', 1510730100, 70, 0.5, 'CALL', '2018-01-11 09:57:06', NULL),
('6985652569', '6932552547', 1484327470, 28, 0.5, 'CALL', '2018-01-11 09:57:06', NULL),
('6985652569', '6932552547', 1487265697, 140, 0.5, 'CALL', '2018-01-11 09:57:06', NULL),
('6985652569', '6932552547', 1489594577, 80, 0.5, 'CALL', '2018-01-11 09:57:06', NULL),
('6985652569', '6932552547', 1492269767, 147, 0.5, 'CALL', '2018-01-11 09:57:06', NULL),
('6985652569', '6932552547', 1494864677, 89, 0.5, 'CALL', '2018-01-11 09:57:06', NULL),
('6985652569', '6932552547', 1497374261, 22, 0.5, 'CALL', '2018-01-11 09:57:06', NULL),
('6985652569', '6932552547', 1500218175, 93, 0.5, 'CALL', '2018-01-11 09:57:06', NULL),
('6985652569', '6932552547', 1502647840, 145, 0.5, 'CALL', '2018-01-11 09:57:06', NULL),
('6985652569', '6932552547', 1505492061, 35, 0.5, 'CALL', '2018-01-11 09:57:06', NULL),
('6985652569', '6932552547', 1507907906, 94, 0.5, 'CALL', '2018-01-11 09:57:06', NULL),
('6985652569', '6932552547', 1510683090, 87, 0.5, 'CALL', '2018-01-11 09:57:06', NULL),
('6985652569', '6932552547', 1513527434, 147, 0.5, 'CALL', '2018-01-11 09:57:06', NULL),
('6985652569', '6975245587', 1483637652, 336, 0.5, 'CALL', '2018-01-11 09:57:06', NULL),
('6985652569', '6975245587', 1483726716, 720, 0.5, 'CALL', '2018-01-11 09:57:06', NULL),
('6985652569', '6975245587', 1487308159, 189, 0.5, 'CALL', '2018-01-11 09:57:06', NULL),
('6985652569', '6975245587', 1488783612, 729, 0.5, 'CALL', '2018-01-11 09:57:06', NULL),
('6985652569', '6975245587', 1488784872, 198, 0.5, 'CALL', '2018-01-11 09:57:06', NULL),
('6985652569', '6975245587', 1494002052, 336, 0.5, 'CALL', '2018-01-11 09:57:06', NULL),
('6985652569', '6975245587', 1496769516, 720, 0.5, 'CALL', '2018-01-11 09:57:06', NULL),
('6985652569', '6975245587', 1505621359, 189, 0.5, 'CALL', '2018-01-11 09:57:06', NULL),
('6985652569', '6975245587', 1507269612, 729, 0.5, 'CALL', '2018-01-11 09:57:06', NULL),
('6985652569', '6975245587', 1512544872, 198, 0.5, 'CALL', '2018-01-11 09:57:06', NULL),
('6985877841', '6932552547', 1484669501, 150, 0.5, 'CALL', '2018-01-11 09:57:06', NULL),
('6985877841', '6932552547', 1487359610, 145, 0.5, 'CALL', '2018-01-11 09:57:06', NULL),
('6985877841', '6932552547', 1489692835, 93, 0.5, 'CALL', '2018-01-11 09:57:06', NULL),
('6985877841', '6932552547', 1492442423, 32, 0.5, 'CALL', '2018-01-11 09:57:06', NULL),
('6985877841', '6932552547', 1494955363, 148, 0.5, 'CALL', '2018-01-11 09:57:06', NULL),
('6985877841', '6932552547', 1497633315, 92, 0.5, 'CALL', '2018-01-11 09:57:06', NULL),
('6985877841', '6932552547', 1499970707, 152, 0.5, 'CALL', '2018-01-11 09:57:06', NULL),
('6985877841', '6932552547', 1502986477, 89, 0.5, 'CALL', '2018-01-11 09:57:06', NULL),
('6985877841', '6932552547', 1505323648, 30, 0.5, 'CALL', '2018-01-11 09:57:06', NULL),
('6985877841', '6932552547', 1508005034, 90, 0.5, 'CALL', '2018-01-11 09:57:06', NULL),
('6985877841', '6932552547', 1510591035, 151, 0.5, 'CALL', '2018-01-11 09:57:06', NULL),
('6985877841', '6932552547', 1513444484, 29, 0.5, 'CALL', '2018-01-11 09:57:06', NULL),
('6988563214', '6932552547', 1484677487, 33, 0.5, 'CALL', '2018-01-11 09:57:06', NULL),
('6988563214', '6932552547', 1487013051, 28, 0.5, 'CALL', '2018-01-11 09:57:06', NULL),
('6988563214', '6932552547', 1489598730, 85, 0.5, 'CALL', '2018-01-11 09:57:06', NULL),
('6988563214', '6932552547', 1492191341, 153, 0.5, 'CALL', '2018-01-11 09:57:06', NULL),
('6988563214', '6932552547', 1495041610, 23, 0.5, 'CALL', '2018-01-11 09:57:06', NULL),
('6988563214', '6932552547', 1497461070, 84, 0.5, 'CALL', '2018-01-11 09:57:06', NULL),
('6988563214', '6932552547', 1500131878, 86, 0.5, 'CALL', '2018-01-11 09:57:06', NULL),
('6988563214', '6932552547', 1502648258, 25, 0.5, 'CALL', '2018-01-11 09:57:06', NULL),
('6988563214', '6932552547', 1505327801, 26, 0.5, 'CALL', '2018-01-11 09:57:06', NULL),
('6988563214', '6932552547', 1508264365, 33, 0.5, 'CALL', '2018-01-11 09:57:06', NULL),
('6988563214', '6932552547', 1510684476, 21, 0.5, 'CALL', '2018-01-11 09:57:06', NULL),
('6988563214', '6932552547', 1513192580, 31, 0.5, 'CALL', '2018-01-11 09:57:06', NULL),
('6988563214', '6955258546', 1484328348, 33, 0.5, 'CALL', '2018-01-11 09:57:06', NULL),
('6988563214', '6955258546', 1487099855, 145, 0.5, 'CALL', '2018-01-11 09:57:06', NULL),
('6988563214', '6955258546', 1489768598, 84, 0.5, 'CALL', '2018-01-11 09:57:06', NULL),
('6988563214', '6955258546', 1492359675, 153, 0.5, 'CALL', '2018-01-11 09:57:06', NULL),
('6988563214', '6955258546', 1494782195, 81, 0.5, 'CALL', '2018-01-11 09:57:06', NULL),
('6988563214', '6955258546', 1497634672, 21, 0.5, 'CALL', '2018-01-11 09:57:06', NULL),
('6988563214', '6955258546', 1500053393, 155, 0.5, 'CALL', '2018-01-11 09:57:06', NULL),
('6988563214', '6955258546', 1502991083, 95, 0.5, 'CALL', '2018-01-11 09:57:06', NULL),
('6988563214', '6955258546', 1505406230, 153, 0.5, 'CALL', '2018-01-11 09:57:06', NULL),
('6988563214', '6955258546', 1508001860, 93, 0.5, 'CALL', '2018-01-11 09:57:06', NULL),
('6988563214', '6955258546', 1510600635, 89, 0.5, 'CALL', '2018-01-11 09:57:06', NULL),
('6988563214', '6955258546', 1513441124, 84, 0.5, 'CALL', '2018-01-11 09:57:06', NULL),
('6988741236', '6954121179', 1484508386, 28, 0.5, 'CALL', '2018-01-11 09:57:06', NULL),
('6988741236', '6954121179', 1487093381, 85, 0.5, 'CALL', '2018-01-11 09:57:06', NULL),
('6988741236', '6954121179', 1489768167, 87, 0.5, 'CALL', '2018-01-11 09:57:06', NULL),
('6988741236', '6954121179', 1492445674, 28, 0.5, 'CALL', '2018-01-11 09:57:06', NULL),
('6988741236', '6954121179', 1494696943, 27, 0.5, 'CALL', '2018-01-11 09:57:06', NULL),
('6988741236', '6954121179', 1497716831, 140, 0.5, 'CALL', '2018-01-11 09:57:06', NULL),
('6988741236', '6954121179', 1500048803, 153, 0.5, 'CALL', '2018-01-11 09:57:06', NULL),
('6988741236', '6954121179', 1502637633, 150, 0.5, 'CALL', '2018-01-11 09:57:06', NULL),
('6988741236', '6954121179', 1505668940, 81, 0.5, 'CALL', '2018-01-11 09:57:06', NULL),
('6988741236', '6954121179', 1508080761, 89, 0.5, 'CALL', '2018-01-11 09:57:06', NULL),
('6988741236', '6954121179', 1510852244, 89, 0.5, 'CALL', '2018-01-11 09:57:06', NULL),
('6988741236', '6954121179', 1513452891, 26, 0.5, 'CALL', '2018-01-11 09:57:06', NULL),
('6998521236', '6933216547', 1484677450, 94, 0.5, 'CALL', '2018-01-11 09:57:06', NULL),
('6998521236', '6933216547', 1487013024, 149, 0.5, 'CALL', '2018-01-11 09:57:06', NULL),
('6998521236', '6933216547', 1489692272, 86, 0.5, 'CALL', '2018-01-11 09:57:06', NULL),
('6998521236', '6933216547', 1492366362, 150, 0.5, 'CALL', '2018-01-11 09:57:06', NULL),
('6998521236', '6933216547', 1495037855, 84, 0.5, 'CALL', '2018-01-11 09:57:06', NULL),
('6998521236', '6933216547', 1497633454, 141, 0.5, 'CALL', '2018-01-11 09:57:06', NULL),
('6998521236', '6933216547', 1500221414, 144, 0.5, 'CALL', '2018-01-11 09:57:06', NULL),
('6998521236', '6933216547', 1502735450, 32, 0.5, 'CALL', '2018-01-11 09:57:06', NULL),
('6998521236', '6933216547', 1505668347, 26, 0.5, 'CALL', '2018-01-11 09:57:06', NULL),
('6998521236', '6933216547', 1508167727, 82, 0.5, 'CALL', '2018-01-11 09:57:06', NULL),
('6998521236', '6933216547', 1510860975, 26, 0.5, 'CALL', '2018-01-11 09:57:06', NULL),
('6998521236', '6933216547', 1513451472, 145, 0.5, 'CALL', '2018-01-11 09:57:06', NULL),
('6998521236', '6952545587', 1484507540, 149, 0.5, 'CALL', '2018-01-11 09:57:06', NULL),
('6998521236', '6952545587', 1487352912, 89, 0.5, 'CALL', '2018-01-11 09:57:06', NULL),
('6998521236', '6952545587', 1489519211, 92, 0.5, 'CALL', '2018-01-11 09:57:06', NULL),
('6998521236', '6952545587', 1492367364, 143, 0.5, 'CALL', '2018-01-11 09:57:06', NULL),
('6998521236', '6952545587', 1494956063, 89, 0.5, 'CALL', '2018-01-11 09:57:06', NULL),
('6998521236', '6952545587', 1497636658, 148, 0.5, 'CALL', '2018-01-11 09:57:06', NULL),
('6998521236', '6952545587', 1500218981, 147, 0.5, 'CALL', '2018-01-11 09:57:06', NULL),
('6998521236', '6952545587', 1502987681, 24, 0.5, 'CALL', '2018-01-11 09:57:06', NULL),
('6998521236', '6952545587', 1505327841, 34, 0.5, 'CALL', '2018-01-11 09:57:06', NULL),
('6998521236', '6952545587', 1507907857, 32, 0.5, 'CALL', '2018-01-11 09:57:06', NULL),
('6998521236', '6952545587', 1510857352, 31, 0.5, 'CALL', '2018-01-11 09:57:06', NULL),
('6998521236', '6952545587', 1513275222, 154, 0.5, 'CALL', '2018-01-11 09:57:06', NULL),
('6998521236', '6955258546', 1484324611, 34, 0.5, 'CALL', '2018-01-11 09:57:06', NULL),
('6998521236', '6955258546', 1487179539, 32, 0.5, 'CALL', '2018-01-11 09:57:06', NULL),
('6998521236', '6955258546', 1489772186, 142, 0.5, 'CALL', '2018-01-11 09:57:06', NULL),
('6998521236', '6955258546', 1492446091, 140, 0.5, 'CALL', '2018-01-11 09:57:06', NULL),
('6998521236', '6955258546', 1494952358, 27, 0.5, 'CALL', '2018-01-11 09:57:06', NULL),
('6998521236', '6955258546', 1497634185, 83, 0.5, 'CALL', '2018-01-11 09:57:06', NULL),
('6998521236', '6955258546', 1500308183, 91, 0.5, 'CALL', '2018-01-11 09:57:06', NULL),
('6998521236', '6955258546', 1502723770, 146, 0.5, 'CALL', '2018-01-11 09:57:06', NULL),
('6998521236', '6955258546', 1505579489, 153, 0.5, 'CALL', '2018-01-11 09:57:06', NULL),
('6998521236', '6955258546', 1508168127, 85, 0.5, 'CALL', '2018-01-11 09:57:06', NULL),
('6998521236', '6955258546', 1510946436, 146, 0.5, 'CALL', '2018-01-11 09:57:06', NULL),
('6998521236', '6955258546', 1513362836, 86, 0.5, 'CALL', '2018-01-11 09:57:06', NULL),
('6998521236', '6972423369', 1484670293, 21, 0.5, 'CALL', '2018-01-11 09:57:06', NULL),
('6998521236', '6972423369', 1487100465, 24, 0.5, 'CALL', '2018-01-11 09:57:06', NULL),
('6998521236', '6972423369', 1489684453, 153, 0.5, 'CALL', '2018-01-11 09:57:06', NULL),
('6998521236', '6972423369', 1492277876, 33, 0.5, 'CALL', '2018-01-11 09:57:06', NULL),
('6998521236', '6972423369', 1494872656, 95, 0.5, 'CALL', '2018-01-11 09:57:06', NULL),
('6998521236', '6972423369', 1497370274, 84, 0.5, 'CALL', '2018-01-11 09:57:06', NULL),
('6998521236', '6972423369', 1500046005, 29, 0.5, 'CALL', '2018-01-11 09:57:06', NULL),
('6998521236', '6972423369', 1502648422, 91, 0.5, 'CALL', '2018-01-11 09:57:06', NULL),
('6998521236', '6972423369', 1505665337, 95, 0.5, 'CALL', '2018-01-11 09:57:06', NULL),
('6998521236', '6972423369', 1507998198, 152, 0.5, 'CALL', '2018-01-11 09:57:06', NULL),
('6998521236', '6972423369', 1510936213, 145, 0.5, 'CALL', '2018-01-11 09:57:06', NULL),
('6998521236', '6972423369', 1513279785, 22, 0.5, 'CALL', '2018-01-11 09:57:06', NULL),
('6998521236', '6978787452', 1484595334, 80, 0.5, 'CALL', '2018-01-11 09:57:06', NULL),
('6998521236', '6978787452', 1487348602, 34, 0.5, 'CALL', '2018-01-11 09:57:06', NULL),
('6998521236', '6978787452', 1489775494, 81, 0.5, 'CALL', '2018-01-11 09:57:06', NULL),
('6998521236', '6978787452', 1492443451, 88, 0.5, 'CALL', '2018-01-11 09:57:06', NULL),
('6998521236', '6978787452', 1494865576, 28, 0.5, 'CALL', '2018-01-11 09:57:06', NULL),
('6998521236', '6978787452', 1497461388, 83, 0.5, 'CALL', '2018-01-11 09:57:06', NULL),
('6998521236', '6978787452', 1500316100, 22, 0.5, 'CALL', '2018-01-11 09:57:06', NULL),
('6998521236', '6978787452', 1502904999, 147, 0.5, 'CALL', '2018-01-11 09:57:06', NULL),
('6998521236', '6978787452', 1505662495, 88, 0.5, 'CALL', '2018-01-11 09:57:06', NULL),
('6998521236', '6978787452', 1508088146, 25, 0.5, 'CALL', '2018-01-11 09:57:06', NULL),
('6998521236', '6978787452', 1510600708, 145, 0.5, 'CALL', '2018-01-11 09:57:06', NULL),
('6998521236', '6978787452', 1513527925, 90, 0.5, 'CALL', '2018-01-11 09:57:06', NULL),
('6998521236', '6998744123', 1484415358, 23, 0.5, 'CALL', '2018-01-11 09:57:06', NULL),
('6998521236', '6998744123', 1487268796, 87, 0.5, 'CALL', '2018-01-11 09:57:06', NULL),
('6998521236', '6998744123', 1489516463, 88, 0.5, 'CALL', '2018-01-11 09:57:06', NULL),
('6998521236', '6998744123', 1492190780, 140, 0.5, 'CALL', '2018-01-11 09:57:06', NULL),
('6998521236', '6998744123', 1495034193, 23, 0.5, 'CALL', '2018-01-11 09:57:06', NULL),
('6998521236', '6998744123', 1497461804, 94, 0.5, 'CALL', '2018-01-11 09:57:06', NULL),
('6998521236', '6998744123', 1500315613, 28, 0.5, 'CALL', '2018-01-11 09:57:06', NULL),
('6998521236', '6998744123', 1502907162, 145, 0.5, 'CALL', '2018-01-11 09:57:06', NULL),
('6998521236', '6998744123', 1505672616, 34, 0.5, 'CALL', '2018-01-11 09:57:06', NULL),
('6998521236', '6998744123', 1508257915, 21, 0.5, 'CALL', '2018-01-11 09:57:06', NULL),
('6998521236', '6998744123', 1510946488, 27, 0.5, 'CALL', '2018-01-11 09:57:06', NULL),
('6998521236', '6998744123', 1513452208, 89, 0.5, 'CALL', '2018-01-11 09:57:06', NULL),
('6998744123', '6945465321', 1484033132, 30, 0.5, 'CALL', '2018-01-11 09:57:06', NULL),
('6998744123', '6945465321', 1499667932, 30, 0.5, 'CALL', '2018-01-11 09:57:06', NULL),
('6998744123', '6972423369', 1484593958, 25, 0.5, 'CALL', '2018-01-11 09:57:06', NULL),
('6998744123', '6972423369', 1487182931, 152, 0.5, 'CALL', '2018-01-11 09:57:06', NULL),
('6998744123', '6972423369', 1489771712, 27, 0.5, 'CALL', '2018-01-11 09:57:06', NULL),
('6998744123', '6972423369', 1492449053, 146, 0.5, 'CALL', '2018-01-11 09:57:06', NULL),
('6998744123', '6972423369', 1494786408, 23, 0.5, 'CALL', '2018-01-11 09:57:06', NULL),
('6998744123', '6972423369', 1497551426, 94, 0.5, 'CALL', '2018-01-11 09:57:06', NULL),
('6998744123', '6972423369', 1500142968, 82, 0.5, 'CALL', '2018-01-11 09:57:06', NULL),
('6998744123', '6972423369', 1502811017, 82, 0.5, 'CALL', '2018-01-11 09:57:06', NULL);
INSERT INTO `ix_telecommunications` (`telephone_1`, `telephone_2`, `time_stamp`, `duration`, `weight`, `type`, `creation_date`, `edit_date`) VALUES
('6998744123', '6972423369', 1505575695, 149, 0.5, 'CALL', '2018-01-11 09:57:06', NULL),
('6998744123', '6972423369', 1507911268, 87, 0.5, 'CALL', '2018-01-11 09:57:06', NULL),
('6998744123', '6972423369', 1510589515, 152, 0.5, 'CALL', '2018-01-11 09:57:06', NULL),
('6998744123', '6972423369', 1513189116, 91, 0.5, 'CALL', '2018-01-11 09:57:06', NULL),
('6998744123', '6998521236', 1484418461, 32, 0.5, 'CALL', '2018-01-11 09:57:06', NULL),
('6998744123', '6998521236', 1487182294, 90, 0.5, 'CALL', '2018-01-11 09:57:06', NULL),
('6998744123', '6998521236', 1489508084, 24, 0.5, 'CALL', '2018-01-11 09:57:06', NULL),
('6998744123', '6998521236', 1492453108, 32, 0.5, 'CALL', '2018-01-11 09:57:06', NULL),
('6998744123', '6998521236', 1494959335, 147, 0.5, 'CALL', '2018-01-11 09:57:06', NULL),
('6998744123', '6998521236', 1497543169, 32, 0.5, 'CALL', '2018-01-11 09:57:06', NULL),
('6998744123', '6998521236', 1500138751, 26, 0.5, 'CALL', '2018-01-11 09:57:06', NULL),
('6998744123', '6998521236', 1502731368, 81, 0.5, 'CALL', '2018-01-11 09:57:06', NULL),
('6998744123', '6998521236', 1505489278, 142, 0.5, 'CALL', '2018-01-11 09:57:06', NULL),
('6998744123', '6998521236', 1508170952, 144, 0.5, 'CALL', '2018-01-11 09:57:06', NULL),
('6998744123', '6998521236', 1510939153, 92, 0.5, 'CALL', '2018-01-11 09:57:06', NULL),
('6998744123', '6998521236', 1513528283, 146, 0.5, 'CALL', '2018-01-11 09:57:06', NULL),
('6998747412', '6998521236', 1484331055, 82, 0.5, 'CALL', '2018-01-11 09:57:06', NULL),
('6998747412', '6998521236', 1487186391, 92, 0.5, 'CALL', '2018-01-11 09:57:06', NULL),
('6998747412', '6998521236', 1489516533, 84, 0.5, 'CALL', '2018-01-11 09:57:06', NULL),
('6998747412', '6998521236', 1492355636, 93, 0.5, 'CALL', '2018-01-11 09:57:06', NULL),
('6998747412', '6998521236', 1494699898, 21, 0.5, 'CALL', '2018-01-11 09:57:06', NULL),
('6998747412', '6998521236', 1497544657, 82, 0.5, 'CALL', '2018-01-11 09:57:06', NULL),
('6998747412', '6998521236', 1500312561, 155, 0.5, 'CALL', '2018-01-11 09:57:06', NULL),
('6998747412', '6998521236', 1502986213, 94, 0.5, 'CALL', '2018-01-11 09:57:06', NULL),
('6998747412', '6998521236', 1505664940, 30, 0.5, 'CALL', '2018-01-11 09:57:06', NULL),
('6998747412', '6998521236', 1508253610, 148, 0.5, 'CALL', '2018-01-11 09:57:06', NULL),
('6998747412', '6998521236', 1510856477, 84, 0.5, 'CALL', '2018-01-11 09:57:06', NULL),
('6998747412', '6998521236', 1513185153, 89, 0.5, 'CALL', '2018-01-11 09:57:06', NULL),
('6998747412', '6998744123', 1498371300, 70, 0.5, 'CALL', '2018-01-11 09:57:06', NULL),
('6998747412', '6998744123', 1510730100, 69, 0.5, 'CALL', '2018-01-11 09:57:06', NULL);

-- --------------------------------------------------------

--
-- Δομή πίνακα για τον πίνακα `ix_telephone_number`
--

CREATE TABLE `ix_telephone_number` (
  `number` varchar(50) COLLATE utf8_unicode_ci NOT NULL,
  `type` enum('mobile','landline','unknown') COLLATE utf8_unicode_ci NOT NULL DEFAULT 'unknown',
  `weight` float NOT NULL DEFAULT '0.5',
  `country_code` varchar(10) COLLATE utf8_unicode_ci DEFAULT NULL,
  `creation_date` timestamp NOT NULL DEFAULT CURRENT_TIMESTAMP
) ENGINE=InnoDB DEFAULT CHARSET=utf8 COLLATE=utf8_unicode_ci;

--
-- Άδειασμα δεδομένων του πίνακα `ix_telephone_number`
--

INSERT INTO `ix_telephone_number` (`number`, `type`, `weight`, `country_code`, `creation_date`) VALUES
('6932222222', 'unknown', 0.5, NULL, '2018-01-31 19:28:08'),
('6932552547', 'mobile', 0.5, NULL, '2018-01-09 08:52:33'),
('6933216547', 'mobile', 0.4, '', '2018-01-09 08:52:33'),
('6933333333', 'unknown', 0.5, NULL, '2018-01-31 19:27:29'),
('6933636321', 'mobile', 0.5, NULL, '2018-01-09 08:52:33'),
('6935452578', 'mobile', 0.5, NULL, '2018-01-09 08:52:33'),
('6936369632', 'mobile', 0.5, NULL, '2018-01-09 08:52:33'),
('6936547892', 'mobile', 0.5, NULL, '2018-01-09 08:52:33'),
('6936565687', 'mobile', 0.5, NULL, '2018-01-09 08:52:33'),
('6941321478', 'mobile', 0.5, NULL, '2018-01-09 08:52:33'),
('6942682796', 'unknown', 0.5, NULL, '2018-01-22 17:19:38'),
('6944444444', 'unknown', 0.5, NULL, '2018-01-31 19:27:29'),
('6945212321', 'mobile', 0.5, '', '2018-01-09 08:52:33'),
('6945454569', 'mobile', 0.5, NULL, '2018-01-09 08:52:33'),
('6945465321', 'mobile', 0.5, NULL, '2018-01-09 08:52:33'),
('6945874123', 'mobile', 0.5, NULL, '2018-01-09 08:52:33'),
('6952545587', 'mobile', 0.5, NULL, '2018-01-09 08:52:33'),
('6953237547', 'mobile', 0.5, NULL, '2018-01-09 08:52:33'),
('6954121179', 'mobile', 0.4, '', '2018-01-09 08:52:33'),
('6954123698', 'mobile', 0.5, NULL, '2018-01-09 08:52:33'),
('6954565852', 'mobile', 0.5, NULL, '2018-01-09 08:52:33'),
('6955258546', 'mobile', 0.4, '', '2018-01-09 08:52:33'),
('6955862429', 'mobile', 0.5, NULL, '2018-01-09 08:52:33'),
('6955885521', 'mobile', 0.5, NULL, '2018-01-09 08:52:33'),
('6955893147', 'mobile', 0.5, NULL, '2018-01-09 08:52:33'),
('6959595874', 'mobile', 0.5, NULL, '2018-01-09 08:52:33'),
('6972423369', 'mobile', 0.5, NULL, '2018-01-09 08:52:33'),
('6974121478', 'mobile', 0.5, NULL, '2018-01-09 08:52:33'),
('6975245587', 'mobile', 0.5, NULL, '2018-01-09 08:52:33'),
('6977777777', 'unknown', 0.5, NULL, '2018-01-31 19:27:45'),
('6978692850', 'mobile', 0.5, '0030', '2018-01-22 17:19:38'),
('6978745456', 'mobile', 0.5, NULL, '2018-01-09 08:52:33'),
('6978787452', 'mobile', 0.5, NULL, '2018-01-09 08:52:33'),
('6985652569', 'mobile', 0.5, NULL, '2018-01-09 08:52:33'),
('6985877841', 'mobile', 0.5, NULL, '2018-01-09 08:52:33'),
('6988563214', 'mobile', 0.5, NULL, '2018-01-09 08:52:33'),
('6988741236', 'mobile', 0.5, NULL, '2018-01-09 08:52:33'),
('6998521236', 'mobile', 0.5, NULL, '2018-01-09 08:52:33'),
('6998744123', 'mobile', 0.5, NULL, '2018-01-09 08:52:33'),
('6998747412', 'mobile', 0.5, NULL, '2018-01-09 08:52:33'),
('978692850', 'unknown', 0.5, NULL, '2018-01-22 17:19:56');

-- --------------------------------------------------------

--
-- Δομή πίνακα για τον πίνακα `ix_uploaded_files`
--

CREATE TABLE `ix_uploaded_files` (
  `generated_id` int(11) NOT NULL,
  `file_path` varchar(255) COLLATE utf8_unicode_ci NOT NULL,
  `uploader` varchar(100) COLLATE utf8_unicode_ci NOT NULL,
  `date` timestamp NOT NULL DEFAULT CURRENT_TIMESTAMP,
  `name` varchar(255) COLLATE utf8_unicode_ci NOT NULL
) ENGINE=InnoDB DEFAULT CHARSET=utf8 COLLATE=utf8_unicode_ci;

--
-- Άδειασμα δεδομένων του πίνακα `ix_uploaded_files`
--

INSERT INTO `ix_uploaded_files` (`generated_id`, `file_path`, `uploader`, `date`, `name`) VALUES
(45, '/addictive/addictive_1515664598.csv', 'addictive', '2018-01-11 09:56:38', 'Drug Ring Scenario'),
(48, '/addictive/addictive_1517858125.csv', 'addictive', '2018-02-05 19:15:25', 'Drug Ring Scenario People Data');

-- --------------------------------------------------------

--
-- Δομή πίνακα για τον πίνακα `ix_users`
--

CREATE TABLE `ix_users` (
  `email` varchar(150) COLLATE utf8_unicode_ci NOT NULL,
  `lastname` varchar(100) COLLATE utf8_unicode_ci NOT NULL,
  `firstname` varchar(100) COLLATE utf8_unicode_ci NOT NULL,
  `username` varchar(100) COLLATE utf8_unicode_ci NOT NULL,
  `password` varchar(100) COLLATE utf8_unicode_ci NOT NULL,
  `salt` varchar(100) COLLATE utf8_unicode_ci NOT NULL,
  `type` enum('administrator','super-user','user','new-user') COLLATE utf8_unicode_ci NOT NULL DEFAULT 'new-user',
  `access_level` tinyint(3) UNSIGNED NOT NULL DEFAULT '1',
  `last_login` datetime DEFAULT NULL,
  `blocked` tinyint(1) UNSIGNED NOT NULL DEFAULT '0',
  `blocked_message` varchar(150) COLLATE utf8_unicode_ci NOT NULL,
  `icon` varchar(100) COLLATE utf8_unicode_ci NOT NULL DEFAULT 'user.png'
) ENGINE=InnoDB DEFAULT CHARSET=utf8 COLLATE=utf8_unicode_ci;

--
-- Άδειασμα δεδομένων του πίνακα `ix_users`
--

INSERT INTO `ix_users` (`email`, `lastname`, `firstname`, `username`, `password`, `salt`, `type`, `access_level`, `last_login`, `blocked`, `blocked_message`, `icon`) VALUES
('addictivelabs@gmail.com', 'Αλετράς', 'Δημήτριος', 'addictive', '5e844b29a168b8c76a65f13850b6a259be0e7f92d5a390bbbc87e66c7b590bcd', '42631010758ed1c76b72a97.84600439', 'administrator', 5, '2018-02-05 21:35:41', 0, '', 'addictive.png'),
('achat@uom.gr', 'Χατζηγεωργίου', 'Αλέξανδρος', 'supervisor', '5e0820d0d1da691ed2e6aa804b02c2a51f9252337748ac19f76f8780a8e7373a', '39030581758fa2f3f83fa51.16805585', 'administrator', 1, '2017-04-21 19:23:43', 0, '', 'user.png');

--
-- Ευρετήρια για άχρηστους πίνακες
--

--
-- Ευρετήρια για πίνακα `ix_datasets`
--
ALTER TABLE `ix_datasets`
  ADD PRIMARY KEY (`name`),
  ADD KEY `creator_foreign_key` (`creator_username`),
  ADD KEY `editor_foreign_key` (`editor_username`);

--
-- Ευρετήρια για πίνακα `ix_datasets_telecommunications`
--
ALTER TABLE `ix_datasets_telecommunications`
  ADD PRIMARY KEY (`set_name`,`caller`,`called`,`time_stamp`,`duration`),
  ADD KEY `telecommunication_fk` (`caller`,`called`,`time_stamp`,`duration`);

--
-- Ευρετήρια για πίνακα `ix_datasets_telephone_numbers`
--
ALTER TABLE `ix_datasets_telephone_numbers`
  ADD PRIMARY KEY (`set_name`,`number`),
  ADD KEY `telephone_number_fk` (`number`);

--
-- Ευρετήρια για πίνακα `ix_field_assignments`
--
ALTER TABLE `ix_field_assignments`
  ADD PRIMARY KEY (`column_index`,`select_index`,`optgroup_index`,`template_name`),
  ADD KEY `import_template_key` (`template_name`);

--
-- Ευρετήρια για πίνακα `ix_file_filters`
--
ALTER TABLE `ix_file_filters`
  ADD PRIMARY KEY (`filter_order`,`column_index`,`filter_type`,`filter_value`,`template_name`),
  ADD KEY `template_name` (`template_name`);

--
-- Ευρετήρια για πίνακα `ix_import_templates`
--
ALTER TABLE `ix_import_templates`
  ADD PRIMARY KEY (`name`);

--
-- Ευρετήρια για πίνακα `ix_persons`
--
ALTER TABLE `ix_persons`
  ADD PRIMARY KEY (`id_number`,`surname`,`name`),
  ADD KEY `surnames` (`surname`);

--
-- Ευρετήρια για πίνακα `ix_persons_telephones`
--
ALTER TABLE `ix_persons_telephones`
  ADD PRIMARY KEY (`telephone_number`,`relationship`,`id_number`,`surname`,`name`),
  ADD KEY `fk_person` (`id_number`,`surname`,`name`);

--
-- Ευρετήρια για πίνακα `ix_settings`
--
ALTER TABLE `ix_settings`
  ADD PRIMARY KEY (`setting_name`);

--
-- Ευρετήρια για πίνακα `ix_telecommunications`
--
ALTER TABLE `ix_telecommunications`
  ADD PRIMARY KEY (`telephone_1`,`telephone_2`,`time_stamp`,`duration`),
  ADD KEY `telephone_2_id` (`telephone_2`),
  ADD KEY `telephone_1_id` (`telephone_1`);

--
-- Ευρετήρια για πίνακα `ix_telephone_number`
--
ALTER TABLE `ix_telephone_number`
  ADD PRIMARY KEY (`number`);

--
-- Ευρετήρια για πίνακα `ix_uploaded_files`
--
ALTER TABLE `ix_uploaded_files`
  ADD PRIMARY KEY (`generated_id`),
  ADD UNIQUE KEY `file_path` (`file_path`),
  ADD KEY `uploader_key` (`uploader`);

--
-- Ευρετήρια για πίνακα `ix_users`
--
ALTER TABLE `ix_users`
  ADD PRIMARY KEY (`username`) USING BTREE,
  ADD UNIQUE KEY `emails` (`email`) USING BTREE;

--
-- AUTO_INCREMENT για άχρηστους πίνακες
--

--
-- AUTO_INCREMENT για πίνακα `ix_uploaded_files`
--
ALTER TABLE `ix_uploaded_files`
  MODIFY `generated_id` int(11) NOT NULL AUTO_INCREMENT, AUTO_INCREMENT=49;
--
-- Περιορισμοί για άχρηστους πίνακες
--

--
-- Περιορισμοί για πίνακα `ix_datasets`
--
ALTER TABLE `ix_datasets`
  ADD CONSTRAINT `creator_foreign_key` FOREIGN KEY (`creator_username`) REFERENCES `ix_users` (`username`) ON DELETE CASCADE ON UPDATE CASCADE,
  ADD CONSTRAINT `editor_foreign_key` FOREIGN KEY (`editor_username`) REFERENCES `ix_users` (`username`) ON DELETE CASCADE ON UPDATE CASCADE;

--
-- Περιορισμοί για πίνακα `ix_datasets_telecommunications`
--
ALTER TABLE `ix_datasets_telecommunications`
  ADD CONSTRAINT `dataset_fk` FOREIGN KEY (`set_name`) REFERENCES `ix_datasets` (`name`) ON DELETE CASCADE ON UPDATE CASCADE,
  ADD CONSTRAINT `telecommunication_fk` FOREIGN KEY (`caller`,`called`,`time_stamp`,`duration`) REFERENCES `ix_telecommunications` (`telephone_1`, `telephone_2`, `time_stamp`, `duration`) ON DELETE CASCADE ON UPDATE CASCADE;

--
-- Περιορισμοί για πίνακα `ix_datasets_telephone_numbers`
--
ALTER TABLE `ix_datasets_telephone_numbers`
  ADD CONSTRAINT `dtset_fk` FOREIGN KEY (`set_name`) REFERENCES `ix_datasets` (`name`) ON DELETE CASCADE ON UPDATE CASCADE,
  ADD CONSTRAINT `telephone_number_fk` FOREIGN KEY (`number`) REFERENCES `ix_telephone_number` (`number`) ON DELETE CASCADE ON UPDATE CASCADE;

--
-- Περιορισμοί για πίνακα `ix_field_assignments`
--
ALTER TABLE `ix_field_assignments`
  ADD CONSTRAINT `import_template_key` FOREIGN KEY (`template_name`) REFERENCES `ix_import_templates` (`name`) ON DELETE CASCADE ON UPDATE CASCADE;

--
-- Περιορισμοί για πίνακα `ix_file_filters`
--
ALTER TABLE `ix_file_filters`
  ADD CONSTRAINT `template_name` FOREIGN KEY (`template_name`) REFERENCES `ix_import_templates` (`name`) ON DELETE CASCADE ON UPDATE CASCADE;

--
-- Περιορισμοί για πίνακα `ix_persons_telephones`
--
ALTER TABLE `ix_persons_telephones`
  ADD CONSTRAINT `fk_person` FOREIGN KEY (`id_number`,`surname`,`name`) REFERENCES `ix_persons` (`id_number`, `surname`, `name`) ON DELETE CASCADE ON UPDATE CASCADE,
  ADD CONSTRAINT `fk_telephone` FOREIGN KEY (`telephone_number`) REFERENCES `ix_telephone_number` (`number`) ON DELETE CASCADE ON UPDATE CASCADE;

--
-- Περιορισμοί για πίνακα `ix_telecommunications`
--
ALTER TABLE `ix_telecommunications`
  ADD CONSTRAINT `telephone_1_id` FOREIGN KEY (`telephone_1`) REFERENCES `ix_telephone_number` (`number`) ON DELETE CASCADE ON UPDATE CASCADE,
  ADD CONSTRAINT `telephone_2_id` FOREIGN KEY (`telephone_2`) REFERENCES `ix_telephone_number` (`number`) ON DELETE CASCADE ON UPDATE CASCADE;
COMMIT;

/*!40101 SET CHARACTER_SET_CLIENT=@OLD_CHARACTER_SET_CLIENT */;
/*!40101 SET CHARACTER_SET_RESULTS=@OLD_CHARACTER_SET_RESULTS */;
/*!40101 SET COLLATION_CONNECTION=@OLD_COLLATION_CONNECTION */;
